,index,AgeTemp,AgeTime,AnnCool,AnnTemp,AnnTime,Author,BP,BladeH,BladeVel,CastCond,ChanLen,ChanLenRange,ChanWid,ChannelConfig,CoolResTime,Cooling,CorrLen,DOI,Depo,DevName,DipRate,DipTime,DropSize,ElectrodeMat,EvapCont,FibLen,FilmAggFrac,FilmEB,FilmRange,FilmThick,GateMate,GrainSize100,HR,Herman,InitConc,MFFlowRate,Mn,MobEnv,Mw,Notes,NozzleDis,OFETConfig,OFETReg,OnOff,PDI,ProcEnv,RR,RTMob,Sfull,SolAggFrac,SolEB,SolTreat,Solv1,Solv2,SonicationTime,Space010,Space100,SpinRate,SpinTime,SprayTime,SubsTreat,UVResTime,UVTime,VFSolv1,VT,Vds,Vt,WtPer,Year,subslope
0,1,,,,,,Aiyar ,,,,,50,,2,,,,,10.1002/adfm.201002729,SPUN,,,,,Au,,,,,,,,,,,4,,24,Air,47.7,,,BGBC,Linear,,1.9875,Air,93,0.000202,,,,,CHCl3,,,,,1500,,,,,,,,-3,,,2011,
1,2,,,,,,Aiyar ,,,,,50,,2,,,,,10.1002/adfm.201002729,SPUN,,,,,Au,,,,,,,,,,,4,,24,Air,47.7,,,BGBC,Linear,,1.9875,Air,93,0.00719,,,,,CHCl3,,0.5,,,1500,,,,,,,,-3,,,2011,
2,3,,,,,,Aiyar ,,,,,50,,2,,,,,10.1002/adfm.201002729,SPUN,,,,,Au,,,,,,,,,,,4,,24,Air,47.7,,,BGBC,Linear,,1.9875,Air,93,0.0294,,,,,CHCl3,,1.5,,,1500,,,,,,,,-3,,,2011,
3,4,,,,,,Aiyar ,,,,,50,,2,,,,,10.1002/adfm.201002729,SPUN,,,,,Au,,,,,,,,,,,4,,24,Air,47.7,,,BGBC,Linear,,1.9875,Air,93,0.0506,,,,,CHCl3,,2.5,,,1500,,,,,,,,-3,,,2011,
4,5,,,,,,Aiyar ,,,,,50,,2,,,,,10.1002/adfm.201002729,SPUN,,,,,Au,,,,,,,,,,,4,,24,Air,47.7,,,BGBC,Linear,,1.9875,Air,93,0.0306,,,,,CHCl3,,3.5,,,1500,,,,,,,,-3,,,2011,
5,6,,,,,,Aiyar ,,,,,50,,2,,,,,10.1002/adfm.201002729,SPUN,,,,,Au,,,,,,,,,,,4,,24,Air,47.7,,,BGBC,Linear,,1.9875,Air,93,0.0361,,,,,CHCl3,,5,,,1500,,,,,,,,-3,,,2011,
6,7,,,,,,Aiyar ,,,,,50,,2,,,,,10.1002/adfm.201002729,SPUN,,,,,Au,,,,,,,,,,,4,,24,Air,47.7,,,BGBC,Linear,,1.9875,Air,93,0.0153,,,,,CHCl3,,8,,,1500,,,,,,,,-3,,,2011,
7,1,,,,110,10,Aiyar ,,,,,50,,2,,,,,10.1021/am3027822,SPUN,,,,,Au,,,,,25-30,27.5,,,,,3.5,,24,N2,47.7,,,BGBC,Linear,,,N2,94,0.0273,,,,,CHCl3,,2,,,1500,,,,,,,,-3,,,2013,
8,2,,,,110,10,Aiyar ,,,,,50,,2,,,,,10.1021/am3027822,DIPPED,,,1,,Au,,,,,,20,,,,,3.5,,24,N2,47.7,,,BGBC,Linear,,,N2,94,0.049400000000000006,,,,,CHCl3,,2,,,,,,,,,,,-3,,,2013,
9,3,,,,110,10,Aiyar ,,,,,50,,2,,,,,10.1021/am3027822,SPUN,,,,,Au,,,,,25-30,27.5,,,,,3.5,,24,N2,47.7,,,BGBC,Linear,,,N2,94,0.00116,,,,,CHCl3,,,,,1500,,,,,,,,-3,,,2013,
10,4,,,,110,10,Aiyar ,,,,,50,,2,,,,,10.1021/am3027822,DIPPED,,,1,,Au,,,,,,20,,,,,3.5,,24,N2,47.7,,,BGBC,Linear,,,N2,94,0.0034500000000000004,,,,,CHCl3,,,,,,,,,,,,,-3,,,2013,
11,5,,,,110,10,Aiyar ,,,,,50,,2,,,,,10.1021/am3027822,SPUN,,,,,Au,,,,,25-30,27.5,,,,,3.5,,12.7,N2,23,,,BGBC,Linear,,,N2,98,0.0608,,,,,CHCl3,,2,,,1500,,,,,,,,-3,,,2013,
12,6,,,,110,10,Aiyar ,,,,,50,,2,,,,,10.1021/am3027822,DIPPED,,,1,,Au,,,,,,20,,,,,3.5,,12.7,N2,23,,,BGBC,Linear,,,N2,98,0.04360000000000001,,,,,CHCl3,,2,,,,,,,,,,,-3,,,2013,
13,7,,,,110,10,Aiyar ,,,,,50,,2,,,,,10.1021/am3027822,SPUN,,,,,Au,,,,,25-30,27.5,,,,,3.5,,12.7,N2,23,,,BGBC,Linear,,,N2,98,0.020499999999999997,,,,,CHCl3,,,,,1500,,,,,,,,-3,,,2013,
14,8,,,,110,10,Aiyar ,,,,,50,,2,,,,,10.1021/am3027822,DIPPED,,,1,,Au,,,,,,20,,,,,3.5,,12.7,N2,23,,,BGBC,Linear,,,N2,98,0.0148,,,,,CHCl3,,,,,,,,,,,,,-3,,,2013,
15,1,,,,,,Bielecka,,,,,10,,10,,,,,10.1016/j.orgel.2011.06.027,SPUN,,,,,Au,,,,,110-150,130,,,,,10,,65.5,Vacuum,,,,BGBC,Saturation,,,Air,96.6,0.00073,,,,,CHCl3,,,,,900,,,,,,,,,,,2011,
16,2,25,1460,,,,Bielecka,,,,,10,,10,,,,,10.1016/j.orgel.2011.06.027,SPUN,,,,,Au,,,,,110-150,130,,,,,10,,65.5,Vacuum,,,,BGBC,Saturation,,,Air,96.6,0.0156,,,,,CHCl3,,,,,900,,,,,,,,,,,2011,
17,1,70,0.5,,100,10,Chang,,,,,95,,1.5,,,,,10.1021/cm049617w,SPUN,,,,,Au,,,,,20-60,40,,,,,10,,37,N2,,,,BGTC,,100000,,Vacuum,98,0.012,,,,filtered through a 0.45 um filter,CHCl3,,,,,1500,,,HMDS,,,,,-60,,,2004,2.45
18,2,70,0.5,,100,10,Chang,,,,,95,,1.5,,,,,10.1021/cm049617w,SPUN,,,,,Au,,,,,20-60,40,,,,,10,,37,N2,,,,BGTC,,1000,,Vacuum,98,0.042,,,,filtered through a 0.45 um filter,P-Xylene,,,,,1500,,,HMDS,,,,,-60,,,2004,5.5
19,3,70,0.5,,100,10,Chang,,,,,95,,1.5,,,,,10.1021/cm049617w,SPUN,,,,,Au,,,,,20-60,40,,,,,10,,37,N2,,,,BGTC,,1000000,,Vacuum,98,0.022,,,,filtered through a 0.45 um filter,CHB,,,,,1500,,,HMDS,,,,,-60,,,2004,1.8
20,4,70,0.5,,100,10,Chang,,,,,95,,1.5,,,,,10.1021/cm049617w,SPUN,,,,,Au,,,,,20-60,40,,,,,10,,37,N2,,,,BGTC,,1000000,,Vacuum,98,0.12,,,,filtered through a 0.45 um filter,TCB,,,,,1500,,,HMDS,,,,,-60,,,2004,1.7
21,5,70,0.5,,100,10,Chang,,,,,95,,1.5,,,,,10.1021/cm049617w,SPUN,,,,,Au,,,,,20-60,40,,,,,10,,37,N2,,,,BGTC,,10000,,Vacuum,98,0.0076,,,,filtered through a 0.45 um filter,CHCl3,,,,,1500,,,FDTS,,,,,-60,,,2004,9.1
22,6,70,0.5,,100,10,Chang,,,,,95,,1.5,,,,,10.1021/cm049617w,SPUN,,,,,Au,,,,,20-60,40,,,,,10,,37,N2,,,,BGTC,,10000,,Vacuum,98,0.03,,,,filtered through a 0.45 um filter,Thiophene,,,,,1500,,,FDTS,,,,,-60,,,2004,6.5
23,7,70,0.5,,100,10,Chang,,,,,95,,1.5,,,,,10.1021/cm049617w,SPUN,,,,,Au,,,,,20-60,40,,,,,10,,37,N2,,,,BGTC,,100000,,Vacuum,98,0.041,,,,filtered through a 0.45 um filter,P-Xylene,,,,,1500,,,FDTS,,,,,-60,,,2004,5.1
24,8,70,0.5,,100,10,Chang,,,,,95,,1.5,,,,,10.1021/cm049617w,SPUN,,,,,Au,,,,,20-60,40,,,,,10,,37,N2,,,,BGTC,,100000,,Vacuum,98,0.049,,,,filtered through a 0.45 um filter,CHB,,,,,1500,,,FDTS,,,,,-60,,,2004,4.25
25,9,70,0.5,,100,10,Chang,,,,,95,,1.5,,,,,10.1021/cm049617w,SPUN,,,,,Au,,,,,20-60,40,,,,,10,,37,N2,,,,BGTC,,100000,,Vacuum,98,0.063,,,,filtered through a 0.45 um filter,TCB,,,,,1500,,,FDTS,,,,,-60,,,2004,3.8
26,1,70,30,,100,10,Chang,,,,,20,,10,,,,,10.1103/PhysRevB.74.115318,SPUN,,,,,Au,,,,,20-50,35,,,,,10,,10.266666666666667,N2,15.4,,,BGBC,Saturation,,1.5,N2,high,0.0076,,,,filtered 0.45µm,CHCl3,,,,,1500,,,HMDS,,,,,-50,,,2006,
27,2,70,30,,100,10,Chang,,,,,20,,10,,,,,10.1103/PhysRevB.74.115318,SPUN,,,,,Au,,,,,20-50,35,,,,,10,,11.11111111111111,N2,20,,,BGBC,Saturation,,1.8,N2,high,0.00496,,,,filtered 0.45µm,CHCl3,,,,,1500,,,HMDS,,,,,-50,,,2006,
28,3,70,30,,100,10,Chang,,,,,20,,10,,,,,10.1103/PhysRevB.74.115318,SPUN,,,,,Au,,,,,20-50,35,,,,,10,,13.75,N2,22,,,BGBC,Saturation,,1.6,N2,high,0.00948,,,,filtered 0.45µm,CHCl3,,,,,1500,,,HMDS,,,,,-50,,,2006,
29,4,70,30,,100,10,Chang,,,,,20,,10,,,,,10.1103/PhysRevB.74.115318,SPUN,,,,,Au,,,,,20-50,35,,,,,10,,19.333333333333332,N2,29,,,BGBC,Saturation,,1.5,N2,high,0.012,,,,filtered 0.45µm,CHCl3,,,,,1500,,,HMDS,,,,,-50,,,2006,
30,5,70,30,,100,10,Chang,,,,,20,,10,,,,,10.1103/PhysRevB.74.115318,SPUN,,,,,Au,,,,,20-50,35,,,,,10,,23.333333333333332,N2,42,,,BGBC,Saturation,,1.8,N2,high,0.00529,,,,filtered 0.45µm,CHCl3,,,,,1500,,,HMDS,,,,,-50,,,2006,
31,6,70,30,,100,10,Chang,,,,,20,,10,,,,,10.1103/PhysRevB.74.115318,SPUN,,,,,Au,,,,,20-50,35,,,,,10,,22.608695652173914,N2,52,,,BGBC,Saturation,,2.3,N2,high,0.00554,,,,filtered 0.45µm,CHCl3,,,,,1500,,,HMDS,,,,,-50,,,2006,
32,7,70,30,,100,10,Chang,,,,,20,,10,,,,,10.1103/PhysRevB.74.115318,SPUN,,,,,Au,,,,,20-50,35,,,,,10,,44.70588235294118,N2,76,,,BGBC,Saturation,,1.7,N2,high,0.00299,,,,filtered 0.45µm,CHCl3,,,,,1500,,,HMDS,,,,,-50,,,2006,
33,8,70,30,,100,10,Chang,,,,,20,,10,,,,,10.1103/PhysRevB.74.115318,SPUN,,,,,Au,,,,,20-50,35,,,,,10,,117.3913043478261,N2,270,,,BGBC,Saturation,,2.3,N2,high,0.0081,,,,filtered 0.45µm,CHCl3,,,,,1500,,,HMDS,,,,,-50,,,2006,
34,9,70,30,,100,10,Chang,,,,,20,,10,,,,,10.1103/PhysRevB.74.115318,SPUN,,,,,Au,,,,,20-50,35,,,,,10,,10.266666666666667,N2,15.4,,,BGBC,Saturation,,1.5,N2,high,0.0017,,,,filtered 0.45µm,TCB,,,,,1500,,,HMDS,,,,,-50,,,2006,
35,10,70,30,,100,10,Chang,,,,,20,,10,,,,,10.1103/PhysRevB.74.115318,SPUN,,,,,Au,,,,,20-50,35,,,,,10,,11.11111111111111,N2,20,,,BGBC,Saturation,,1.8,N2,high,0.00149,,,,filtered 0.45µm,TCB,,,,,1500,,,HMDS,,,,,-50,,,2006,
36,11,70,30,,100,10,Chang,,,,,20,,10,,,,,10.1103/PhysRevB.74.115318,SPUN,,,,,Au,,,,,20-50,35,,,,,10,,13.75,N2,22,,,BGBC,Saturation,,1.6,N2,high,0.0305,,,,filtered 0.45µm,TCB,,,,,1500,,,HMDS,,,,,-50,,,2006,
37,12,70,30,,100,10,Chang,,,,,20,,10,,,,,10.1103/PhysRevB.74.115318,SPUN,,,,,Au,,,,,20-50,35,,,,,10,,19.333333333333332,N2,29,,,BGBC,Saturation,,1.5,N2,high,0.0631,,,,filtered 0.45µm,TCB,,,,,1500,,,HMDS,,,,,-50,,,2006,
38,13,70,30,,100,10,Chang,,,,,20,,10,,,,,10.1103/PhysRevB.74.115318,SPUN,,,,,Au,,,,,20-50,35,,,,,10,,23.333333333333332,N2,42,,,BGBC,Saturation,,1.8,N2,high,0.0775,,,,filtered 0.45µm,TCB,,,,,1500,,,HMDS,,,,,-50,,,2006,
39,14,70,30,,100,10,Chang,,,,,20,,10,,,,,10.1103/PhysRevB.74.115318,SPUN,,,,,Au,,,,,20-50,35,,,,,10,,22.608695652173914,N2,52,,,BGBC,Saturation,,2.3,N2,high,0.0982,,,,filtered 0.45µm,TCB,,,,,1500,,,HMDS,,,,,-50,,,2006,
40,15,70,30,,100,10,Chang,,,,,20,,10,,,,,10.1103/PhysRevB.74.115318,SPUN,,,,,Au,,,,,20-50,35,,,,,10,,44.70588235294118,N2,76,,,BGBC,Saturation,,1.7,N2,high,0.1226,,,,filtered 0.45µm,TCB,,,,,1500,,,HMDS,,,,,-50,,,2006,
41,16,70,30,,100,10,Chang,,,,,20,,10,,,,,10.1103/PhysRevB.74.115318,SPUN,,,,,Au,,,,,20-50,35,,,,,10,,117.3913043478261,N2,270,,,BGBC,Saturation,,2.3,N2,high,0.1435,,,,filtered 0.45µm,TCB,,,,,1500,,,HMDS,,,,,-50,,,2006,
42,17,70,30,,100,10,Chang,,,,,20,,10,,,,,10.1103/PhysRevB.74.115318,DROPPED,,,,,Au,,,,,20-50,35,,,,,10,,10.266666666666667,N2,15.4,,,BGBC,Saturation,,1.5,N2,high,0.00994,,,,filtered 0.45µm,CHCl3,,,,,,,,HMDS,,,,,-50,,,2006,
43,18,70,30,,100,10,Chang,,,,,20,,10,,,,,10.1103/PhysRevB.74.115318,DROPPED,,,,,Au,,,,,20-50,35,,,,,10,,11.11111111111111,N2,20,,,BGBC,Saturation,,1.8,N2,high,0.0187,,,,filtered 0.45µm,CHCl3,,,,,,,,HMDS,,,,,-50,,,2006,
44,19,70,30,,100,10,Chang,,,,,20,,10,,,,,10.1103/PhysRevB.74.115318,DROPPED,,,,,Au,,,,,20-50,35,,,,,10,,13.75,N2,22,,,BGBC,Saturation,,1.6,N2,high,0.0273,,,,filtered 0.45µm,CHCl3,,,,,,,,HMDS,,,,,-50,,,2006,
45,20,70,30,,100,10,Chang,,,,,20,,10,,,,,10.1103/PhysRevB.74.115318,DROPPED,,,,,Au,,,,,20-50,35,,,,,10,,19.333333333333332,N2,29,,,BGBC,Saturation,,1.5,N2,high,0.0539,,,,filtered 0.45µm,CHCl3,,,,,,,,HMDS,,,,,-50,,,2006,
46,21,70,30,,100,10,Chang,,,,,20,,10,,,,,10.1103/PhysRevB.74.115318,DROPPED,,,,,Au,,,,,20-50,35,,,,,10,,23.333333333333332,N2,42,,,BGBC,Saturation,,1.8,N2,high,0.0612,,,,filtered 0.45µm,CHCl3,,,,,,,,HMDS,,,,,-50,,,2006,
47,22,70,30,,100,10,Chang,,,,,20,,10,,,,,10.1103/PhysRevB.74.115318,DROPPED,,,,,Au,,,,,20-50,35,,,,,10,,22.608695652173914,N2,52,,,BGBC,Saturation,,2.3,N2,high,0.0662,,,,filtered 0.45µm,CHCl3,,,,,,,,HMDS,,,,,-50,,,2006,
48,23,70,30,,100,10,Chang,,,,,20,,10,,,,,10.1103/PhysRevB.74.115318,DROPPED,,,,,Au,,,,,20-50,35,,,,,10,,44.70588235294118,N2,76,,,BGBC,Saturation,,1.7,N2,high,0.0652,,,,filtered 0.45µm,CHCl3,,,,,,,,HMDS,,,,,-50,,,2006,
49,24,70,30,,100,10,Chang,,,,,20,,10,,,,,10.1103/PhysRevB.74.115318,DROPPED,,,,,Au,,,,,20-50,35,,,,,10,,117.3913043478261,N2,270,,,BGBC,Saturation,,2.3,N2,high,0.0813,,,,filtered 0.45µm,CHCl3,,,,,,,,HMDS,,,,,-50,,,2006,
50,25,70,30,,100,10,Chang,,,,,2,,10,,,,,10.1103/PhysRevB.74.115318,SPUN,,,,,Au,,,,,20-50,35,,,,,10,,44.70588235294118,N2,76,,,BGBC,Saturation,,1.7,N2,high,0.0145,,,,filtered 0.45µm,CHCl3,,,,,1500,,,HMDS,,,,,-50,,,2006,
51,26,70,30,,100,10,Chang,,,,,5,,10,,,,,10.1103/PhysRevB.74.115318,SPUN,,,,,Au,,,,,20-50,35,,,,,10,,44.70588235294118,N2,76,,,BGBC,Saturation,,1.7,N2,high,0.00544,,,,filtered 0.45µm,CHCl3,,,,,1500,,,HMDS,,,,,-50,,,2006,
52,27,70,30,,100,10,Chang,,,,,10,,10,,,,,10.1103/PhysRevB.74.115318,SPUN,,,,,Au,,,,,20-50,35,,,,,10,,44.70588235294118,N2,76,,,BGBC,Saturation,,1.7,N2,high,0.00363,,,,filtered 0.45µm,CHCl3,,,,,1500,,,HMDS,,,,,-50,,,2006,
53,28,70,30,,100,10,Chang,,,,,20,,10,,,,,10.1103/PhysRevB.74.115318,SPUN,,,,,Au,,,,,20-50,35,,,,,10,,44.70588235294118,N2,76,,,BGBC,Saturation,,1.7,N2,high,0.00296,,,,filtered 0.45µm,CHCl3,,,,,1500,,,HMDS,,,,,-50,,,2006,
54,29,70,30,,100,10,Chang,,,,,2,,10,,,,,10.1103/PhysRevB.74.115318,SPUN,,,,,Au,,,,,20-50,35,,,,,10,,19.333333333333332,N2,29,,,BGBC,Saturation,,1.5,N2,high,0.0229,,,,filtered 0.45µm,CHCl3,,,,,1500,,,HMDS,,,,,-50,,,2006,
55,30,70,30,,100,10,Chang,,,,,5,,10,,,,,10.1103/PhysRevB.74.115318,SPUN,,,,,Au,,,,,20-50,35,,,,,10,,19.333333333333332,N2,29,,,BGBC,Saturation,,1.5,N2,high,0.0183,,,,filtered 0.45µm,CHCl3,,,,,1500,,,HMDS,,,,,-50,,,2006,
56,31,70,30,,100,10,Chang,,,,,10,,10,,,,,10.1103/PhysRevB.74.115318,SPUN,,,,,Au,,,,,20-50,35,,,,,10,,19.333333333333332,N2,29,,,BGBC,Saturation,,1.5,N2,high,0.014,,,,filtered 0.45µm,CHCl3,,,,,1500,,,HMDS,,,,,-50,,,2006,
57,32,70,30,,100,10,Chang,,,,,20,,10,,,,,10.1103/PhysRevB.74.115318,SPUN,,,,,Au,,,,,20-50,35,,,,,10,,19.333333333333332,N2,29,,,BGBC,Saturation,,1.5,N2,high,0.0119,,,,filtered 0.45µm,CHCl3,,,,,1500,,,HMDS,,,,,-50,,,2006,
58,33,70,30,,100,10,Chang,,,,,2,,10,,,,,10.1103/PhysRevB.74.115318,SPUN,,,,,Au,,,,,20-50,35,,,,,10,,10.266666666666667,N2,15.4,,,BGBC,Saturation,,1.5,N2,high,0.0171,,,,filtered 0.45µm,CHCl3,,,,,1500,,,HMDS,,,,,-50,,,2006,
59,34,70,30,,100,10,Chang,,,,,5,,10,,,,,10.1103/PhysRevB.74.115318,SPUN,,,,,Au,,,,,20-50,35,,,,,10,,10.266666666666667,N2,15.4,,,BGBC,Saturation,,1.5,N2,high,0.012,,,,filtered 0.45µm,CHCl3,,,,,1500,,,HMDS,,,,,-50,,,2006,
60,35,70,30,,100,10,Chang,,,,,10,,10,,,,,10.1103/PhysRevB.74.115318,SPUN,,,,,Au,,,,,20-50,35,,,,,10,,10.266666666666667,N2,15.4,,,BGBC,Saturation,,1.5,N2,high,0.00993,,,,filtered 0.45µm,CHCl3,,,,,1500,,,HMDS,,,,,-50,,,2006,
61,36,70,30,,100,10,Chang,,,,,20,,10,,,,,10.1103/PhysRevB.74.115318,SPUN,,,,,Au,,,,,20-50,35,,,,,10,,10.266666666666667,N2,15.4,,,BGBC,Saturation,,1.5,N2,high,0.00757,,,,filtered 0.45µm,CHCl3,,,,,1500,,,HMDS,,,,,-50,,,2006,
62,37,70,30,,100,10,Chang,,,,,2,,10,,,,,10.1103/PhysRevB.74.115318,SPUN,,,,,Au,,,,,20-50,35,,,,,10,,19.333333333333332,N2,29,,,BGBC,Saturation,,1.5,N2,high,0.077,,,,filtered 0.45µm,TCB,,,,,1500,,,HMDS,,,,,-50,,,2006,
63,38,70,30,,100,10,Chang,,,,,5,,10,,,,,10.1103/PhysRevB.74.115318,SPUN,,,,,Au,,,,,20-50,35,,,,,10,,19.333333333333332,N2,29,,,BGBC,Saturation,,1.5,N2,high,0.068,,,,filtered 0.45µm,TCB,,,,,1500,,,HMDS,,,,,-50,,,2006,
64,39,70,30,,100,10,Chang,,,,,10,,10,,,,,10.1103/PhysRevB.74.115318,SPUN,,,,,Au,,,,,20-50,35,,,,,10,,19.333333333333332,N2,29,,,BGBC,Saturation,,1.5,N2,high,0.065,,,,filtered 0.45µm,TCB,,,,,1500,,,HMDS,,,,,-50,,,2006,
65,40,70,30,,100,10,Chang,,,,,20,,10,,,,,10.1103/PhysRevB.74.115318,SPUN,,,,,Au,,,,,20-50,35,,,,,10,,19.333333333333332,N2,29,,,BGBC,Saturation,,1.5,N2,high,0.0631,,,,filtered 0.45µm,TCB,,,,,1500,,,HMDS,,,,,-50,,,2006,
66,41,70,30,,100,10,Chang,,,,,2,,10,,,,,10.1103/PhysRevB.74.115318,SPUN,,,,,Au,,,,,20-50,35,,,,,10,,10.266666666666667,N2,15.4,,,BGBC,Saturation,,1.5,N2,high,0.00762,,,,filtered 0.45µm,TCB,,,,,1500,,,HMDS,,,,,-50,,,2006,
67,42,70,30,,100,10,Chang,,,,,5,,10,,,,,10.1103/PhysRevB.74.115318,SPUN,,,,,Au,,,,,20-50,35,,,,,10,,10.266666666666667,N2,15.4,,,BGBC,Saturation,,1.5,N2,high,0.00381,,,,filtered 0.45µm,TCB,,,,,1500,,,HMDS,,,,,-50,,,2006,
68,43,70,30,,100,10,Chang,,,,,10,,10,,,,,10.1103/PhysRevB.74.115318,SPUN,,,,,Au,,,,,20-50,35,,,,,10,,10.266666666666667,N2,15.4,,,BGBC,Saturation,,1.5,N2,high,0.0025499999999999997,,,,filtered 0.45µm,TCB,,,,,1500,,,HMDS,,,,,-50,,,2006,
69,44,70,30,,100,10,Chang,,,,,20,,10,,,,,10.1103/PhysRevB.74.115318,SPUN,,,,,Au,,,,,20-50,35,,,,,10,,10.266666666666667,N2,15.4,,,BGBC,Saturation,,1.5,N2,high,0.00168,,,,filtered 0.45µm,TCB,,,,,1500,,,HMDS,,,,,-50,,,2006,
70,45,70,30,,100,10,Chang,,,,,2,,10,,,,,10.1103/PhysRevB.74.115318,SPUN,,,,,Au,,,,,20-50,35,,,,,10,,44.70588235294118,N2,76,,,BGBC,Saturation,,1.7,N2,high,0.1378,,,,filtered 0.45µm,TCB,,,,,1500,,,HMDS,,,,,-50,,,2006,
71,46,70,30,,100,10,Chang,,,,,5,,10,,,,,10.1103/PhysRevB.74.115318,SPUN,,,,,Au,,,,,20-50,35,,,,,10,,44.70588235294118,N2,76,,,BGBC,Saturation,,1.7,N2,high,0.135,,,,filtered 0.45µm,TCB,,,,,1500,,,HMDS,,,,,-50,,,2006,
72,47,70,30,,100,10,Chang,,,,,10,,10,,,,,10.1103/PhysRevB.74.115319,SPUN,,,,,Au,,,,,20-50,35,,,,,10,,44.70588235294118,N2,76,,,BGBC,Saturation,,1.7,N2,high,0.1253,,,,filtered 0.45µm,TCB,,,,,1500,,,HMDS,,,,,-50,,,2006,
73,48,70,30,,100,10,Chang,,,,,20,,10,,,,,10.1103/PhysRevB.74.115320,SPUN,,,,,Au,,,,,20-50,35,,,,,10,,44.70588235294118,N2,76,,,BGBC,Saturation,,1.7,N2,high,0.12,,,,filtered 0.45µm,TCB,,,,,1500,,,HMDS,,,,,-50,,,2006,
74,1,,,,,,Chang,,,,,50,,2,,,,,10.1021/nn401323f,SPUN,,,,,Au,,,,,,,,,,,5,,40.3,N2,,,,BGBC,Saturation,,2.27,Air,92,0.00423,,,,,CHCl3,,,,,1500,60,,,,,,,-80,,,2013,
75,2,,,,,,Chang,,,,,50,,2,,,,,10.1021/nn401323f,SPUN,,,,,Au,,,,,,,,,,,5,,40.3,N2,,,,BGBC,Saturation,,2.27,Air,92,0.00793,,,,,CHCl3,Acetone,,,,1500,60,,,,,0.995,,-80,,,2013,
76,3,,,,,,Chang,,,,,50,,2,,,,,10.1021/nn401323f,SPUN,,,,,Au,,,,,,,,,,,5,,40.3,N2,,,,BGBC,Saturation,,2.27,Air,92,0.0107,,,,,CHCl3,Acetone,,,,1500,60,,,,,0.99,,-80,,,2013,
77,4,,,,,,Chang,,,,,50,,2,,,,,10.1021/nn401323f,SPUN,,,,,Au,,,,,,,,,,,5,,40.3,N2,,,,BGBC,Saturation,,2.27,Air,92,0.0165,,,,,CHCl3,Acetone,,,,1500,60,,,,,0.98,,-80,,,2013,
78,5,,,,,,Chang,,,,,50,,2,,,,,10.1021/nn401323f,SPUN,,,,,Au,,,,,,,,,,,5,,40.3,N2,,,,BGBC,Saturation,,2.27,Air,92,0.0101,,,,,CHCl3,Acetone,,,,1500,60,,,,,0.97,,-80,,,2013,
79,6,,,,,,Chang,,,,,50,,2,,,,,10.1021/nn401323f,SPUN,,,,,Au,,,,,,,,,,,5,,40.3,N2,,,,BGBC,Saturation,,2.27,Air,92,0.00892,,,,,CHCl3,Acetone,,,,1500,60,,,,,0.95,,-80,,,2013,
80,7,,,,,,Chang,,,,,50,,2,,,,,10.1021/nn401323f,SPUN,,,,,Au,,,,,,,,,,,5,,40.3,N2,,,,BGBC,Saturation,,2.27,Air,92,0.0047,,,,,CHCl3,"2,3-dimethylbutane",,,,1500,60,,,,,0.995,,-80,,,2013,
81,8,,,,,,Chang,,,,,50,,2,,,,,10.1021/nn401323f,SPUN,,,,,Au,,,,,,,,,,,5,,40.3,N2,,,,BGBC,Saturation,,2.27,Air,92,0.00406,,,,,CHCl3,"2,3-dimethylbutane",,,,1500,60,,,,,0.99,,-80,,,2013,
82,9,,,,,,Chang,,,,,50,,2,,,,,10.1021/nn401323f,SPUN,,,,,Au,,,,,,,,,,,5,,40.3,N2,,,,BGBC,Saturation,,2.27,Air,92,0.00214,,,,,CHCl3,"2,3-dimethylbutane",,,,1500,60,,,,,0.98,,-80,,,2013,
83,10,,,,,,Chang,,,,,50,,2,,,,,10.1021/nn401323f,SPUN,,,,,Au,,,,,,,,,,,5,,40.3,N2,,,,BGBC,Saturation,,2.27,Air,92,0.00228,,,,,CHCl3,"2,3-dimethylbutane",,,,1500,60,,,,,0.97,,-80,,,2013,
84,11,,,,,,Chang,,,,,50,,2,,,,,10.1021/nn401323f,SPUN,,,,,Au,,,,,,,,,,,5,,40.3,N2,,,,BGBC,Saturation,,2.27,Air,92,0.00279,,,,,CHCl3,"2,3-dimethylbutane",,,,1500,60,,,,,0.95,,-80,,,2013,
85,12,,,,,,Chang,,,,,50,,2,,,,,10.1021/nn401323f,SPUN,,,,,Au,,,,,,,,,,,5,,40.3,N2,,,,BGBC,Saturation,,2.27,Air,92,0.000556,,,,,CB,,,,,1500,60,,,,,,,-80,,,2013,
86,13,,,,,,Chang,,,,,50,,2,,,,,10.1021/nn401323f,SPUN,,,,,Au,,,,,,,,,,,5,,40.3,N2,,,,BGBC,Saturation,,2.27,Air,92,0.000413,,,,,CB,Acetone,,,,1500,60,,,,,0.995,,-80,,,2013,
87,14,,,,,,Chang,,,,,50,,2,,,,,10.1021/nn401323f,SPUN,,,,,Au,,,,,,,,,,,5,,40.3,N2,,,,BGBC,Saturation,,2.27,Air,92,0.000426,,,,,CB,Acetone,,,,1500,60,,,,,0.99,,-80,,,2013,
88,15,,,,,,Chang,,,,,50,,2,,,,,10.1021/nn401323f,SPUN,,,,,Au,,,,,,,,,,,5,,40.3,N2,,,,BGBC,Saturation,,2.27,Air,92,0.000254,,,,,CB,Acetone,,,,1500,60,,,,,0.98,,-80,,,2013,
89,16,,,,,,Chang,,,,,50,,2,,,,,10.1021/nn401323f,SPUN,,,,,Au,,,,,,,,,,,5,,40.3,N2,,,,BGBC,Saturation,,2.27,Air,92,0.000309,,,,,CB,Acetone,,,,1500,60,,,,,0.97,,-80,,,2013,
90,17,,,,,,Chang,,,,,50,,2,,,,,10.1021/nn401323f,SPUN,,,,,Au,,,,,,,,,,,5,,40.3,N2,,,,BGBC,Saturation,,2.27,Air,92,0.000377,,,,,CB,Acetone,,,,1500,60,,,,,0.95,,-80,,,2013,
91,1,,,,,,Chang,,,,,50,,2,Single,,,,10.1021/am506546ki,SPUN,,,,,Au,,,49.3,0.135,,,,,,,5,,19.7,N2,43.7,,,BGBC,Saturation,,2,Air,0.96,0.023,,,,,CHCl3,,0,,16.49,1500,60,,,,0,,,-80,,,2014,
92,2,,,,,,Chang,,,,,50,,2,Single,,,,10.1021/am506546ki,SPUN,,,,,Au,,,,,,,,,,,5,,19.7,N2,43.7,,,BGBC,Saturation,,2,Air,0.96,0.069,,,,,CHCl3,,0,,,1500,60,,,,2,,,-80,,,2014,
93,3,,,,,,Chang,,,,,50,,2,Single,,,,10.1021/am506546ki,SPUN,,,,,Au,,,,,,,,,,,5,,19.7,N2,43.7,,,BGBC,Saturation,,2,Air,0.96,0.081,,,,,CHCl3,,0,,,1500,60,,,,4,,,-80,,,2014,
94,4,,,,,,Chang,,,,,50,,2,Single,,,,10.1021/am506546ki,SPUN,,,,,Au,,,53.6,0.099,,,,,,,5,,19.7,N2,43.7,,,BGBC,Saturation,,2,Air,0.96,0.091,,,,,CHCl3,,0,,16.24,1500,60,,,,6,,,-80,,,2014,
95,5,,,,,,Chang,,,,,50,,2,Single,,,,10.1021/am506546ki,SPUN,,,,,Au,,,59.599999999999994,0.0365,,,,,,,5,,19.7,N2,43.7,,,BGBC,Saturation,,2,Air,0.96,0.085,,,,,CHCl3,,2,,16.36,1500,60,,,,0,,,-80,,,2014,
96,6,,,,,,Chang,,,,,50,,2,Single,,,,10.1021/am506546ki,SPUN,,,,,Au,,,,,,,,,,,5,,19.7,N2,43.7,,,BGBC,Saturation,,2,Air,0.96,0.09,,,,,CHCl3,,2,,,1500,60,,,,2,,,-80,,,2014,
97,7,,,,,,Chang,,,,,50,,2,Single,,,,10.1021/am506546ki,SPUN,,,,,Au,,,,,,,,,,,5,,19.7,N2,43.7,,,BGBC,Saturation,,2,Air,0.96,0.102,,,,,CHCl3,,2,,,1500,60,,,,4,,,-80,,,2014,
98,8,,,,,,Chang,,,,,50,,2,Single,,,,10.1021/am506546ki,SPUN,,,,,Au,,,58.4,0.015,,,,,,,5,,19.7,N2,43.7,,,BGBC,Saturation,,2,Air,0.96,0.12,,,,,CHCl3,,2,,16.36,1500,60,,,,6,,,-80,,,2014,
99,9,,,,,,Chang,,,,,50,,2,Single,,,,10.1021/am506546ki,SPUN,,,,,Au,,,,,,,,,,,5,,19.7,N2,43.7,,,BGBC,Saturation,,2,Air,0.96,0.072,,,,,CHCl3,,4,,,1500,60,,,,0,,,-80,,,2014,
100,10,,,,,,Chang,,,,,50,,2,Single,,,,10.1021/am506546ki,SPUN,,,,,Au,,,,,,,,,,,5,,19.7,N2,43.7,,,BGBC,Saturation,,2,Air,0.96,0.094,,,,,CHCl3,,4,,,1500,60,,,,2,,,-80,,,2014,
101,11,,,,,,Chang,,,,,50,,2,Single,,,,10.1021/am506546ki,SPUN,,,,,Au,,,,,,,,,,,5,,19.7,N2,43.7,,,BGBC,Saturation,,2,Air,0.96,0.101,,,,,CHCl3,,4,,,1500,60,,,,4,,,-80,,,2014,
102,12,,,,,,Chang,,,,,50,,2,Single,,,,10.1021/am506546ki,SPUN,,,,,Au,,,,,,,,,,,5,,19.7,N2,43.7,,,BGBC,Saturation,,2,Air,0.96,0.111,,,,,CHCl3,,4,,,1500,60,,,,6,,,-80,,,2014,
103,13,,,,,,Chang,,,,,50,,2,Single,,,,10.1021/am506546ki,SPUN,,,,,Au,,,,,,,,,,,5,,19.7,N2,43.7,,,BGBC,Saturation,,2,Air,0.96,0.051,,,,,CHCl3,,6,,,1500,60,,,,0,,,-80,,,2014,
104,14,,,,,,Chang,,,,,50,,2,Single,,,,10.1021/am506546ki,SPUN,,,,,Au,,,,,,,,,,,5,,19.7,N2,43.7,,,BGBC,Saturation,,2,Air,0.96,0.05,,,,,CHCl3,,6,,,1500,60,,,,2,,,-80,,,2014,
105,15,,,,,,Chang,,,,,50,,2,Single,,,,10.1021/am506546ki,SPUN,,,,,Au,,,,,,,,,,,5,,19.7,N2,43.7,,,BGBC,Saturation,,2,Air,0.96,0.059,,,,,CHCl3,,6,,,1500,60,,,,4,,,-80,,,2014,
106,16,,,,,,Chang,,,,,50,,2,Single,,,,10.1021/am506546ki,SPUN,,,,,Au,,,,,,,,,,,5,,19.7,N2,43.7,,,BGBC,Saturation,,2,Air,0.96,0.077,,,,,CHCl3,,6,,,1500,60,,,,6,,,-80,,,2014,
107,17,,,,,,Chang,,,,,50,,2,Single,,,,10.1021/am506546ki,SPUN,,,,,Au,,,45.800000000000004,0.138,,,,,,,5,,34.6,N2,69,,,BGBC,Saturation,,2,Air,0.92,0.004,,,,,CHCl3,,0,,16.96,1500,60,,,,0,,,-80,,,2014,
108,18,,,,,,Chang,,,,,50,,2,Single,,,,10.1021/am506546ki,SPUN,,,,,Au,,,,,,,,,,,5,,34.6,N2,69,,,BGBC,Saturation,,2,Air,0.92,0.01,,,,,CHCl3,,0,,,1500,60,,,,2,,,-80,,,2014,
109,19,,,,,,Chang,,,,,50,,2,Single,,,,10.1021/am506546ki,SPUN,,,,,Au,,,,,,,,,,,5,,34.6,N2,69,,,BGBC,Saturation,,2,Air,0.92,0.022,,,,,CHCl3,,0,,,1500,60,,,,4,,,-80,,,2014,
110,20,,,,,,Chang,,,,,50,,2,Single,,,,10.1021/am506546ki,SPUN,,,,,Au,,,48.5,0.137,,,,,,,5,,34.6,N2,69,,,BGBC,Saturation,,2,Air,0.92,0.02,,,,,CHCl3,,0,,16.67,1500,60,,,,6,,,-80,,,2014,
111,21,,,,,,Chang,,,,,50,,2,Single,,,,10.1021/am506546ki,SPUN,,,,,Au,,,48.3,0.133,,,,,,,5,,34.6,N2,69,,,BGBC,Saturation,,2,Air,0.92,0.02,,,,,CHCl3,,2,,16.91,1500,60,,,,0,,,-80,,,2014,
112,22,,,,,,Chang,,,,,50,,2,Single,,,,10.1021/am506546ki,SPUN,,,,,Au,,,,,,,,,,,5,,34.6,N2,69,,,BGBC,Saturation,,2,Air,0.92,0.035,,,,,CHCl3,,2,,,1500,60,,,,2,,,-80,,,2014,
113,23,,,,,,Chang,,,,,50,,2,Single,,,,10.1021/am506546ki,SPUN,,,,,Au,,,,,,,,,,,5,,34.6,N2,69,,,BGBC,Saturation,,2,Air,0.92,0.044,,,,,CHCl3,,2,,,1500,60,,,,4,,,-80,,,2014,
114,24,,,,,,Chang,,,,,50,,2,Single,,,,10.1021/am506546ki,SPUN,,,,,Au,,,46.400000000000006,0.132,,,,,,,5,,34.6,N2,69,,,BGBC,Saturation,,2,Air,0.92,0.042,,,,,CHCl3,,2,,16.84,1500,60,,,,6,,,-80,,,2014,
115,25,,,,,,Chang,,,,,50,,2,Single,,,,10.1021/am506546ki,SPUN,,,,,Au,,,,,,,,,,,5,,34.6,N2,69,,,BGBC,Saturation,,2,Air,0.92,0.019,,,,,CHCl3,,4,,,1500,60,,,,0,,,-80,,,2014,
116,26,,,,,,Chang,,,,,50,,2,Single,,,,10.1021/am506546ki,SPUN,,,,,Au,,,,,,,,,,,5,,34.6,N2,69,,,BGBC,Saturation,,2,Air,0.92,0.023,,,,,CHCl3,,4,,,1500,60,,,,2,,,-80,,,2014,
117,27,,,,,,Chang,,,,,50,,2,Single,,,,10.1021/am506546ki,SPUN,,,,,Au,,,,,,,,,,,5,,34.6,N2,69,,,BGBC,Saturation,,2,Air,0.92,0.03,,,,,CHCl3,,4,,,1500,60,,,,4,,,-80,,,2014,
118,28,,,,,,Chang,,,,,50,,2,Single,,,,10.1021/am506546ki,SPUN,,,,,Au,,,,,,,,,,,5,,34.6,N2,69,,,BGBC,Saturation,,2,Air,0.92,0.032,,,,,CHCl3,,4,,,1500,60,,,,6,,,-80,,,2014,
119,29,,,,,,Chang,,,,,50,,2,Single,,,,10.1021/am506546ki,SPUN,,,,,Au,,,,,,,,,,,5,,34.6,N2,69,,,BGBC,Saturation,,2,Air,0.92,0.018,,,,,CHCl3,,6,,,1500,60,,,,0,,,-80,,,2014,
120,30,,,,,,Chang,,,,,50,,2,Single,,,,10.1021/am506546ki,SPUN,,,,,Au,,,,,,,,,,,5,,34.6,N2,69,,,BGBC,Saturation,,2,Air,0.92,0.026,,,,,CHCl3,,6,,,1500,60,,,,2,,,-80,,,2014,
121,31,,,,,,Chang,,,,,50,,2,Single,,,,10.1021/am506546ki,SPUN,,,,,Au,,,,,,,,,,,5,,34.6,N2,69,,,BGBC,Saturation,,2,Air,0.92,0.021,,,,,CHCl3,,6,,,1500,60,,,,4,,,-80,,,2014,
122,32,,,,,,Chang,,,,,50,,2,Single,,,,10.1021/am506546ki,SPUN,,,,,Au,,,,,,,,,,,5,,34.6,N2,69,,,BGBC,Saturation,,2,Air,0.92,0.019,,,,,CHCl3,,6,,,1500,60,,,,6,,,-80,,,2014,
123,1,,,,120,0.16666666666666666,Chang,,,,,50,,2,,,,,10.1021/acsami.6b02216,SPUN,,,,,,,,,0.127,,,,63.6,,,5,,39.130434782608695,N2,90,,,BGBC,Linear,,2.3,Air,0.96,0.0046,,,,,CHCl3,,,,16.5,1500,60,,,,,,,-3,,,2016,
124,2,,,,120,0.16666666666666666,Chang,,,2,,50,,2,,,,,10.1021/acsami.6b02216,BLADE,,,,,,,,,0.115,,,,73.7,,,5,,39.130434782608695,N2,90,,,BGBC,Linear,,2.3,Air,0.96,0.097,,,,,CHCl3,,,,16.6,,,,,,,,,-3,,,2016,
125,3,,,,120,0.16666666666666666,Chang,,,,,50,,2,,,,,10.1021/acsami.6b02216,SPUN,,,,,,,,,0.115,,,,82.8,,,5,,39.130434782608695,N2,90,,,BGBC,Linear,,2.3,Air,0.96,0.099,,,,,CHCl3,,,,16.25,1500,60,,,,8,,,-3,,,2016,
126,4,,,,120,0.16666666666666666,Chang,,,0.5,,50,,2,,,,421.1082,10.1021/acsami.6b02216,BLADE,,,,,,,,,0.0768,,,,90.7,,,5,,39.130434782608695,N2,90,,,BGBC,Linear,,2.3,Air,0.96,0.089,0.33663,,,,CHCl3,,,,16.74,,,,,,8,,,-3,,,2016,
127,5,,,,120,0.16666666666666666,Chang,,,1,,50,,2,,,,211.2126,10.1021/acsami.6b02216,BLADE,,,,,,,,,0.068,,,,88,,,5,,39.130434782608695,N2,90,,,BGBC,Linear,,2.3,Air,0.96,0.129,0.81163,,,,CHCl3,,,,17.65,,,,,,8,,,-3,,,2016,
128,6,,,,120,0.16666666666666666,Chang,,,2,,50,,2,,,,262.5311,10.1021/acsami.6b02216,BLADE,,,,,,,,,0.08270000000000001,,,,87.5,,,5,,39.130434782608695,N2,90,,,BGBC,Linear,,2.3,Air,0.96,0.202,0.85375,,,,CHCl3,,,,17.17,,,,,,8,,,-3,,,2016,
129,7,,,,120,0.16666666666666666,Chang,,,4,,50,,2,,,,516.4953,10.1021/acsami.6b02216,BLADE,,,,,,,,,0.1097,,,,78,,,5,,39.130434782608695,N2,90,,,BGBC,Linear,,2.3,Air,0.96,0.106,0.64391,,,,CHCl3,,,,16.6,,,,,,8,,,-3,,,2016,
130,1,,,25,25,0.16666666666666666,Cho,,,,,5,,1,,,,,10.1063/1.2400796,DIPPED,,1,,,Pt,,,,,,20,,,,,1,,39.5,N2,,,,BGBC,Saturation,,,N2,regioregular,0.2366,,,,,CHCl3,,,,,,,,HMDS,,,,,-60,,,2006,
131,2,,,25,60,0.16666666666666666,Cho,,,,,5,,1,,,,,10.1063/1.2400796,DIPPED,,1,,,Pt,,,,,,20,,,,,1,,39.5,N2,,,,BGBC,Saturation,,,BC,regioregular,0.2429,,,,,CHCl3,,,,,,,,HMDS,,,,,-60,,,2006,
132,3,,,25,90,0.16666666666666666,Cho,,,,,5,,1,,,,,10.1063/1.2400796,DIPPED,,1,,,Pt,,,,,,20,,,,,1,,39.5,N2,,,,BGBC,Saturation,,,BC,regioregular,0.2587,,,,,CHCl3,,,,,,,,HMDS,,,,,-60,,,2006,
133,4,,,25,120,0.16666666666666666,Cho,,,,,5,,1,,,,,10.1063/1.2400796,DIPPED,,1,,,Pt,,,,,,20,,,,,1,,39.5,N2,,,,BGBC,Saturation,,,BC,regioregular,0.2644,,,,,CHCl3,,,,,,,,HMDS,,,,,-60,,,2006,
134,5,,,25,150,0.16666666666666666,Cho,,,,,5,,1,,,,,10.1063/1.2400796,DIPPED,,1,,,Pt,,,,,,20,,,,,1,,39.5,N2,,,,BGBC,Saturation,,,N2,regioregular,0.2825,,,,,CHCl3,,,,,,,,HMDS,,,,,-60,,,2006,
135,6,,,25,160,0.16666666666666666,Cho,,,,,5,,1,,,,,10.1063/1.2400796,DIPPED,,1,,,Pt,,,,,,20,,,,,1,,39.5,N2,,,,BGBC,Saturation,,,N2,regioregular,0.21,,,,,CHCl3,,,,,,,,HMDS,,,,,-60,,,2006,
136,7,,,25,170,0.16666666666666666,Cho,,,,,5,,1,,,,,10.1063/1.2400796,DIPPED,,1,,,Pt,,,,,,20,,,,,1,,39.5,N2,,,,BGBC,Saturation,,,N2,regioregular,0.1651,,,,,CHCl3,,,,,,,,HMDS,,,,,-60,,,2006,
137,8,,,25,25,0.16666666666666666,Cho,,,,,5,,1,,,,,10.1063/1.2400796,DIPPED,,1,,,Au,,,,,,20,,,,,1,,39.5,N2,,,,BGBC,Saturation,,,N2,regioregular,0.1504,,,,,CHCl3,,,,,,,,HMDS,,,,,-60,,,2006,
138,9,,,25,60,0.16666666666666666,Cho,,,,,5,,1,,,,,10.1063/1.2400796,DIPPED,,1,,,Au,,,,,,20,,,,,1,,39.5,N2,,,,BGBC,Saturation,,,N2,regioregular,0.1602,,,,,CHCl3,,,,,,,,HMDS,,,,,-60,,,2006,
139,10,,,25,90,0.16666666666666666,Cho,,,,,5,,1,,,,,10.1063/1.2400796,DIPPED,,1,,,Au,,,,,,20,,,,,1,,39.5,N2,,,,BGBC,Saturation,,,N2,regioregular,0.1813,,,,,CHCl3,,,,,,,,HMDS,,,,,-60,,,2006,
140,11,,,25,120,0.16666666666666666,Cho,,,,,5,,1,,,,,10.1063/1.2400796,DIPPED,,1,,,Au,,,,,,20,,,,,1,,39.5,N2,,,,BGBC,Saturation,,,N2,regioregular,0.2193,,,,,CHCl3,,,,,,,,HMDS,,,,,-60,,,2006,
141,12,,,25,150,0.16666666666666666,Cho,,,,,5,,1,,,,,10.1063/1.2400796,DIPPED,,1,,,Au,,,,,,20,,,,,1,,39.5,N2,,,,BGBC,Saturation,,,N2,regioregular,0.2438,,,,,CHCl3,,,,,,,,HMDS,,,,,-60,,,2006,
142,13,,,25,160,0.16666666666666666,Cho,,,,,5,,1,,,,,10.1063/1.2400796,DIPPED,,1,,,Au,,,,,,20,,,,,1,,39.5,N2,,,,BGBC,Saturation,,,N2,regioregular,0.1188,,,,,CHCl3,,,,,,,,HMDS,,,,,-60,,,2006,
143,14,,,25,170,0.16666666666666666,Cho,,,,,5,,1,,,,,10.1063/1.2400796,DIPPED,,1,,,Au,,,,,,20,,,,,1,,39.5,N2,,,,BGBC,Saturation,,,N2,regioregular,0.0385,,,,,CHCl3,,,,,,,,HMDS,,,,,-60,,,2006,
144,15,,,25,150,0,Cho,,,,,5,,1,,,,,10.1063/1.2400796,DIPPED,,1,,,Pt,,,,,,20,,,,,1,,39.5,N2,,,,BGBC,Saturation,,,N2,regioregular,0.2364,,,,,CHCl3,,,,,,,,HMDS,,,,,-60,,,2006,
145,16,,,25,150,0.08333333333333333,Cho,,,,,5,,1,,,,,10.1063/1.2400796,DIPPED,,1,,,Pt,,,,,,20,,,,,1,,39.5,N2,,,,BGBC,Saturation,,,N2,regioregular,0.2626,,,,,CHCl3,,,,,,,,HMDS,,,,,-60,,,2006,
146,17,,,25,150,0.16666666666666666,Cho,,,,,5,,1,,,,,10.1063/1.2400796,DIPPED,,1,,,Pt,,,,,,20,,,,,1,,39.5,N2,,,,BGBC,Saturation,,,N2,regioregular,0.2826,,,,,CHCl3,,,,,,,,HMDS,,,,,-60,,,2006,
147,18,,,25,150,0.25,Cho,,,,,5,,1,,,,,10.1063/1.2400796,DIPPED,,1,,,Pt,,,,,,20,,,,,1,,39.5,N2,,,,BGBC,Saturation,,,N2,regioregular,0.2753,,,,,CHCl3,,,,,,,,HMDS,,,,,-60,,,2006,
148,19,,,25,150,0.3333333333333333,Cho,,,,,5,,1,,,,,10.1063/1.2400796,DIPPED,,1,,,Pt,,,,,,20,,,,,1,,39.5,N2,,,,BGBC,Saturation,,,N2,regioregular,0.2717,,,,,CHCl3,,,,,,,,HMDS,,,,,-60,,,2006,
149,20,,,25,150,0.4166666666666667,Cho,,,,,5,,1,,,,,10.1063/1.2400796,DIPPED,,1,,,Pt,,,,,,20,,,,,1,,39.5,N2,,,,BGBC,Saturation,,,N2,regioregular,0.2341,,,,,CHCl3,,,,,,,,HMDS,,,,,-60,,,2006,
150,21,,,25,150,0.5,Cho,,,,,5,,1,,,,,10.1063/1.2400796,DIPPED,,1,,,Pt,,,,,,20,,,,,1,,39.5,N2,,,,BGBC,Saturation,,,N2,regioregular,0.1697,,,,,CHCl3,,,,,,,,HMDS,,,,,-60,,,2006,
151,22,,,25,150,0,Cho,,,,,5,,1,,,,,10.1063/1.2400796,DIPPED,,1,,,Au,,,,,,20,,,,,1,,39.5,N2,,,,BGBC,Saturation,,,N2,regioregular,0.1509,,,,,CHCl3,,,,,,,,HMDS,,,,,-60,,,2006,
152,23,,,25,150,0.08333333333333333,Cho,,,,,5,,1,,,,,10.1063/1.2400796,DIPPED,,1,,,Au,,,,,,20,,,,,1,,39.5,N2,,,,BGBC,Saturation,,,N2,regioregular,0.1773,,,,,CHCl3,,,,,,,,HMDS,,,,,-60,,,2006,
153,24,,,25,150,0.16666666666666666,Cho,,,,,5,,1,,,,,10.1063/1.2400796,DIPPED,,1,,,Au,,,,,,20,,,,,1,,39.5,N2,,,,BGBC,Saturation,,,N2,regioregular,0.2454,,,,,CHCl3,,,,,,,,HMDS,,,,,-60,,,2006,
154,25,,,25,150,0.25,Cho,,,,,5,,1,,,,,10.1063/1.2400796,DIPPED,,1,,,Au,,,,,,20,,,,,1,,39.5,N2,,,,BGBC,Saturation,,,N2,regioregular,0.242,,,,,CHCl3,,,,,,,,HMDS,,,,,-60,,,2006,
155,26,,,25,150,0.3333333333333333,Cho,,,,,5,,1,,,,,10.1063/1.2400796,DIPPED,,1,,,Au,,,,,,20,,,,,1,,39.5,N2,,,,BGBC,Saturation,,,N2,regioregular,0.2053,,,,,CHCl3,,,,,,,,HMDS,,,,,-60,,,2006,
156,27,,,25,150,0.4166666666666667,Cho,,,,,5,,1,,,,,10.1063/1.2400796,DIPPED,,1,,,Au,,,,,,20,,,,,1,,39.5,N2,,,,BGBC,Saturation,,,N2,regioregular,0.1757,,,,,CHCl3,,,,,,,,HMDS,,,,,-60,,,2006,
157,28,,,25,150,0.5,Cho,,,,,5,,1,,,,,10.1063/1.2400796,DIPPED,,1,,,Au,,,,,,20,,,,,1,,39.5,N2,,,,BGBC,Saturation,,,N2,regioregular,0.119,,,,,CHCl3,,,,,,,,HMDS,,,,,-60,,,2006,
158,1,,,,,,Choi,,,,,50,,2,,,,266.644,10.1002/adfm.201403708,SPUN,,,,,Au,,,59.468321701362,0.0938107463798224,,,,72.3,,,5,,39.130434782608695,N2,90,,,BGBC,Linear,,2.3,Air,0.96,0.03522,0.083266,,,,CHCl3,,2,,16.15,1500,60,,,,,,,-3,,,2014,
159,2,,,,,,Choi,,,,,50,,2,,,,260.8664,10.1002/adfm.201403708,SPUN,,,,,Au,,,60.760726846614,0.0778216205378217,,,,76,,,5,,39.130434782608695,N2,90,,,BGBC,Linear,,2.3,Air,0.96,0.05182,0.14665,,,,CHCl3,2-MP,2,,16.11,1500,60,,,,,0.95,,-3,,,2014,
160,3,,,,,,Choi,,,,,50,,2,,,,327.9002,10.1002/adfm.201403708,SPUN,,,,,Au,,,63.9443502615333,0.0598926731896651,,,,82,,,5,,39.130434782608695,N2,90,,,BGBC,Linear,,2.3,Air,0.96,0.05468,0.086463,,,,CHCl3,2-MP,2,,16.15,1500,60,,,,,0.9,,-3,,,2014,
161,4,,,,,,Choi,,,,,50,,2,,,,372.2298,10.1002/adfm.201403708,SPUN,,,,,Au,,,64.3946510424588,0.0562622691341251,,,,90.3,,,5,,39.130434782608695,N2,90,,,BGBC,Linear,,2.3,Air,0.96,0.10343,0.25994,,,,CHCl3,2-MP,2,,16.15,1500,60,,,,,0.85,,-3,,,2014,
162,5,,,,,,Choi,,,,,50,,2,,,,242.8569,10.1002/adfm.201403708,SPUN,,,,,Au,,,65.9219455681389,0.0508187432006129,,,,84.9,,,5,,39.130434782608695,N2,90,,,BGBC,Linear,,2.3,Air,0.96,0.0539,0.21732,,,,CHCl3,2-MP,2,,15.99,1500,60,,,,,0.8,,-3,,,2014,
163,6,,,,,,Choi,,,,,50,,2,,,,296.9343,10.1002/adfm.201403708,SPUN,,,,,Au,,,65.5044870218145,0.0496347151420051,,,,82.3,,,5,,39.130434782608695,N2,90,,,BGBC,Linear,,2.3,Air,0.96,0.02093,0.15583,,,,CHCl3,2-MP,2,,15.99,1500,60,,,,,0.7,,-3,,,2014,
164,7,,,,,,Choi,,,,,50,,2,,,,242.4394,10.1002/adfm.201403708,SPUN,,,,,Au,,,66.0709672228945,0.0493345872189273,,,,80.9,,,5,,39.130434782608695,N2,90,,,BGBC,Linear,,2.3,Air,0.96,0.01123,0.15859,,,,CHCl3,2-MP,2,,15.9,1500,60,,,,,0.6,,-3,,,2014,
165,8,,,,,,Choi,,,,,50,,2,,,,,10.1002/adfm.201403708,SPUN,,,,,Au,,,56.6108500313237,0.145282016994306,,,,,,,5,,39.130434782608695,N2,90,,,BGBC,Linear,,2.3,Air,0.96,0.0184,,,,,CHCl3,2-MP,0,,,1500,60,,,,,0.95,,-3,,,2014,
166,9,,,,,,Choi,,,,,50,,2,,,,,10.1002/adfm.201403708,SPUN,,,,,Au,,,55.3770872128516,0.140999218091842,,,,,,,5,,39.130434782608695,N2,90,,,BGBC,Linear,,2.3,Air,0.96,0.0324,,,,,CHCl3,2-MP,0,,,1500,60,,,,,0.9,,-3,,,2014,
167,10,,,,,,Choi,,,,,50,,2,,,,385.7158,10.1002/adfm.201403708,SPUN,,,,,Au,,,56.919705558519,0.122988792821134,,,,,,,5,,39.130434782608695,N2,90,,,BGBC,Linear,,2.3,Air,0.96,0.042,0.42865,,,,CHCl3,2-MP,0,,16.63,1500,60,,,,,0.85,,-3,,,2014,
168,11,,,,,,Choi,,,,,50,,2,,,,430.3374,10.1002/adfm.201403708,SPUN,,,,,Au,,,59.7112911447842,0.0865687227653977,,,,,,,5,,39.130434782608695,N2,90,,,BGBC,Linear,,2.3,Air,0.96,0.0496,0.55495,,,,CHCl3,2-MP,0,,16.42,1500,60,,,,,0.8,,-3,,,2014,
169,12,,,,,,Choi,,,,,50,,2,,,,295.5888,10.1002/adfm.201403708,SPUN,,,,,Au,,,63.5705831586015,0.077317495890781,,,,,,,5,,39.130434782608695,N2,90,,,BGBC,Linear,,2.3,Air,0.96,0.0418,0.2701,,,,CHCl3,2-MP,0,,16.42,1500,60,,,,,0.7,,-3,,,2014,
170,13,,,,,,Choi,,,,,50,,2,,,,298.1897,10.1002/adfm.201403708,SPUN,,,,,Au,,,64.2542316075763,0.0719157134539499,,,,,,,5,,39.130434782608695,N2,90,,,BGBC,Linear,,2.3,Air,0.96,0.0347,0.14567,,,,CHCl3,2-MP,0,,16.42,1500,60,,,,,0.6,,-3,,,2014,
171,14,,,,,,Choi,,,,,50,,2,,,,262.0994,10.1002/adfm.201403708,SPUN,,,,,Au,,,61.4717708240373,0.0621141647690137,,,,,,,5,,39.130434782608695,N2,90,,,BGBC,Linear,,2.3,Air,0.96,0.0296,0.18712,,,,CHCl3,,1,,,1500,60,,,,,,,-3,,,2014,
172,15,,,,,,Choi,,,,,50,,2,,,,271.1179,10.1002/adfm.201403708,SPUN,,,,,Au,,,62.0252809525413,0.0620254159838577,,,,,,,5,,39.130434782608695,N2,90,,,BGBC,Linear,,2.3,Air,0.96,0.026,0.17689,,,,CHCl3,,2,,,1500,60,,,,,,,-3,,,2014,
173,16,,,,,,Choi,,,,,50,,2,,,,332.0886,10.1002/adfm.201403708,SPUN,,,,,Au,,,63.9166965941527,0.0508042704639124,,,,,,,5,,39.130434782608695,N2,90,,,BGBC,Linear,,2.3,Air,0.96,0.023,0.12816,,,,CHCl3,,3,,,1500,60,,,,,,,-3,,,2014,
174,17,,,,,,Choi,,,,,50,,2,,,,251.5515,10.1002/adfm.201403708,SPUN,,,,,Au,,,65.3987148150719,0.0404136770763976,,,,,,,5,,39.130434782608695,N2,90,,,BGBC,Linear,,2.3,Air,0.96,0.023,0.20321,,,,CHCl3,,4,,,1500,60,,,,,,,-3,,,2014,
175,18,,,,,,Choi,,,,,50,,2,,,,392.4729,10.1002/adfm.201403708,SPUN,,,,,Au,,,66.2581214143857,0.0419833633151719,,,,,,,5,,39.130434782608695,N2,90,,,BGBC,Linear,,2.3,Air,0.96,0.018,0.027143,,,,CHCl3,,5,,,1500,60,,,,,,,-3,,,2014,
176,19,,,,,,Choi,,,,,50,,2,,,,,10.1002/adfm.201403708,SPUN,,,,,Au,,,,,,,,,,,5,,39.130434782608695,N2,90,,,BGBC,Linear,,2.3,Air,0.96,0.02,,,,,CHCl3,,6,,,1500,60,,,,,,,-3,,,2014,
177,1,,12,,100,12,Jiang,,,,,50,,5,,,,,10.1007/s11801-011-0122-z,SPUN,,,,,Au,,,,,,10,,,,,0.5,,68,,,,,BGTC,Saturation,270,,,98.5,6.3e-05,,,,,CHCl3,,,,,800 then 1500,6 then 20,,,,,,,-60,-30,,2011,
178,2,,12,,100,12,Jiang,,,,,50,,5,,,,,10.1007/s11801-011-0122-z,SPUN,,,,,Au,,,,,,10,,,,,1,,68,,,,,BGTC,Saturation,1300,,,98.5,0.00016,,,,,CHCl3,,,,,800 then 1500,6 then 20,,,,,,,-60,-25,,2011,
179,3,,12,,100,12,Jiang,,,,,50,,5,,,,,10.1007/s11801-011-0122-z,SPUN,,,,,Au,,,,,,10,,,,,2,,68,,,,,BGTC,Saturation,12000,,,98.5,0.013999999999999999,,,,,CHCl3,,,,,800 then 1500,6 then 20,,,,,,,-60,-20,,2011,
180,4,,12,,100,12,Jiang,,,,,50,,5,,,,,10.1007/s11801-011-0122-z,SPUN,,,,,Au,,,,,,10,,,,,4,,68,,,,,BGTC,Saturation,530,,,98.5,0.00056,,,,,CHCl3,,,,,800 then 1500,6 then 20,,,,,,,-60,-30,,2011,
181,5,,12,,100,12,Jiang,,,,,50,,5,,,,,10.1007/s11801-011-0122-z,SPUN,,,,,Au,,,,,,10,,,,,8,,68,,,,,BGTC,Saturation,91,,,98.5,0.00018,,,,,CHCl3,,,,,800 then 1500,6 then 20,,,,,,,-60,-40,,2011,
182,1,25,0,,,,Kleinhenz,,,,,50,,2,Single,,,,10.1021/acs/chemmater.6b01163,SPUN,,,,,Au,,0,59.7965841760866,0.123487249132954,,,,81.21659039283819,,0.2969193090594804,5,,32,N2,71,,,BGBC,Saturation,,2.2,Air,0.96,0.013,,1.26671582221625,0.325471897355409,,CHCl3,,0,3.647195657899219,16.225270068707328,800,30,,,,,,,-80,,,2016,
183,2,25,12,,,,Kleinhenz,,,,,50,,2,Single,,,628.1783,10.1021/acs/chemmater.6b01163,SPUN,,,,,Au,,1783,59.4515872796784,0.0772023548677078,,,,97.15377054753037,,0.6177664200919297,5,,32,N2,71,,,BGBC,Saturation,,2.2,Air,0.96,0.089,0.81311,12.5963831145634,0.00622251452878358,,CHCl3,,0,3.6423281290178307,16.136575334118426,800,30,,,,,,,-80,,,2016,
184,3,25,24,,,,Kleinhenz,,,,,50,,2,Single,,,1454.6761,10.1021/acs/chemmater.6b01163,SPUN,,,,,Au,,2804.1015625,61.388340479609,0.0621032250663458,,,,108.45631316073317,,0.46123300549520496,5,,32,N2,71,,,BGBC,Saturation,,2.2,Air,0.96,0.108,0.53157,20.0015656338738,0.00174309840724935,,CHCl3,,0,3.6628330379640115,16.573087752956265,800,30,,,,,,,-80,,,2016,
185,4,25,48,,,,Kleinhenz,,,,,50,,2,Single,,,1125.6085,10.1021/acs/chemmater.6b01163,SPUN,,,,,Au,,2285.15625,61.3744396565939,0.0625256354642591,,,,107.52478654462874,,0.6905985006903137,5,,32,N2,71,,,BGBC,Saturation,,2.2,Air,0.96,0.091,0.30917,20.6937894969918,-0.000286654300457077,,CHCl3,,0,3.641518148533344,16.136575334118426,800,30,,,,,,,-80,,,2016,
186,5,25,96,,,,Kleinhenz,,,,,50,,2,Single,,,845.7434,10.1021/acs/chemmater.6b01163,SPUN,,,,,Au,,3114.2578125,62.8236646749994,0.0548355729787608,,,,112.06227753692121,,0.7387221240378461,5,,32,N2,71,,,BGBC,Saturation,,2.2,Air,0.96,0.102,0.55609,21.6884630544701,-0.00723844569421446,,CHCl3,,0,3.628473726231061,16.07798251477142,800,30,,,,,,,-80,,,2016,
187,6,25,0,,,,Kleinhenz,,,,,50,,2,Single,,,620.8539,10.1021/acs/chemmater.6b01163,SPUN,,,,,Au,,629.8828125,61.6619059414372,0.0619844459464346,,,,110.64734979024294,,0.43221909047147755,5,,32,N2,71,,,BGBC,Saturation,,2.2,Air,0.96,0.112,0.1219,7.82544868738546,-0.00500140679111535,,CHCl3,,2,3.646112850639685,16.427751807119584,800,30,,,,,,,-80,,,2016,
188,7,25,96,,,,Kleinhenz,,,,,50,,2,Single,,,963.4603,10.1021/acs/chemmater.6b01163,SPUN,,,,,Au,,2331.201171875,64.3367164340759,0.0404745164325215,,,,104.20059575965801,,0.779397148369384,5,,32,N2,71,,,BGBC,Saturation,,2.2,Air,0.96,0.147,0.44237,32.3778557020147,-0.0224395117788387,,CHCl3,,2,3.647601877953174,16.019813856804074,800,30,,,,,,,-80,,,2016,
189,8,25,192,,,,Kleinhenz,,,,,50,,2,Single,,,1431.3443,10.1021/acs/chemmater.6b01163,SPUN,,,,,Au,,3540.72265625,63.9378228872378,0.030680183038712,,,,91.28406357695043,,0.6653358079884555,5,,32,N2,71,,,BGBC,Saturation,,2.2,Air,0.96,0.085,0.076426,26.4435766111917,-0.0188691186496825,,CHCl3,,2,3.6493632204958346,16.059428516208598,800,30,,,,,,,-80,,,2016,
190,9,25,96,,,,Kleinhenz,,,,,50,,2,Single,,,1477.121,10.1021/acs/chemmater.6b01163,SPUN,,,,,Au,,366.2109375,66.3587380972924,0.0381738430653659,,,,99.24428203156559,,0.607875134381338,5,,32,N2,71,,,BGBC,Saturation,,2.2,Air,0.96,0.021,0.1862,24.5432931009736,-0.00772094308876096,,CHCl3,,2,3.6516691061372746,16.1205531440979,800,30,,,,,,,-80,,,2016,
191,1,,,,,,Kline,,,,,5,,40,,,,,10.1002/adma.200305275,SPUN,,,,,Au,,,,,30-60,45,,,,,5,,4,N2,,Br modified McCullough route,,BGBC,saturation,,1.1,N2,98,5.43e-06,,,,,CHCl3,,,,,2500,,,HMDS,,,,,-95,,0.5,2003,
192,2,,,,,,Kline,,,,,5,,40,,,,,10.1002/adma.200305275,SPUN,,,,,Au,,,,,30-60,45,,,,,5,,9,N2,,Br modified McCullough route,,BGBC,saturation,,1.2,N2,98,0.0003558,,,,,CHCl3,,,,,2500,,,HMDS,,,,,-95,,0.5,2003,
193,3,,,,,,Kline,,,,,5,,40,,,,,10.1002/adma.200305275,SPUN,,,,,Au,,,,,30-60,45,,,,,5,,11.6,N2,,Br modified McCullough route,,BGBC,saturation,,1.2,N2,98,0.000735,,,,,CHCl3,,,,,2500,,,HMDS,,,,,-95,,0.5,2003,
194,4,,,,,,Kline,,,,,5,,40,,,,,10.1002/adma.200305275,SPUN,,,,,Au,,,,,30-60,45,,,,,5,,33.8,N2,,Br modified McCullough route,,BGBC,saturation,,1.5,N2,98,0.00748,,,,,CHCl3,,,,,2500,,,HMDS,,,,,-95,,0.5,2003,
195,5,,,,,,Kline,,,,,5,,40,,,,,10.1002/adma.200305275,SPUN,,,,,Au,,,,,30-60,45,,,,,5,,4.6,N2,,MW separated commercial Rieke route,,BGBC,saturation,,1.3,N2,98,1.61e-05,,,,,CHCl3,,,,,2500,,,HMDS,,,,,-95,,0.5,2003,
196,6,,,,,,Kline,,,,,5,,40,,,,,10.1002/adma.200305275,SPUN,,,,,Au,,,,,30-60,45,,,,,5,,13.4,N2,,MW separated commercial Rieke route,,BGBC,saturation,,1.8,N2,98,0.0005366,,,,,CHCl3,,,,,2500,,,HMDS,,,,,-95,,0.5,2003,
197,7,,,,,,Kline,,,,,5,,40,,,,,10.1002/adma.200305275,SPUN,,,,,Au,,,,,30-60,45,,,,,5,,29.8,N2,,MW separated commercial Rieke route,,BGBC,saturation,,1.9,N2,98,0.00419,,,,,CHCl3,,,,,2500,,,HMDS,,,,,-95,,0.5,2003,
198,8,,,,,,Kline,,,,,5,,40,,,,,10.1002/adma.200305275,SPUN,,,,,Au,,,,,30-60,45,,,,,5,,36.5,N2,,MW separated commercial Rieke route,,BGBC,saturation,,1.7,N2,98,0.00908,,,,,CHCl3,,,,,2500,,,HMDS,,,,,-95,,0.5,2003,
199,9,,,,,,Kline,,,,,5,,40,,,,,10.1002/adma.200305275,SPUN,,,,,Au,,,,,30-60,45,,,,,5,,3.2,N2,,methylthiophene-terminated McC route,,BGBC,saturation,,1.4,N2,98,1.744e-06,,,,,CHCl3,,,,,2500,,,HMDS,,,,,-95,,0.5,2003,
200,10,,,,,,Kline,,,,,5,,40,,,,,10.1002/adma.200305275,SPUN,,,,,Au,,,,,30-60,45,,,,,5,,16.2,N2,,methylthiophene-terminated McC route,,BGBC,saturation,,1.2,N2,98,0.00785,,,,,CHCl3,,,,,2500,,,HMDS,,,,,-95,,0.5,2003,
201,11,,,,,,Kline,,,,,5,,40,,,,,10.1002/adma.200305275,SPUN,,,,,Au,,,,,30-60,45,,,,,5,,31.1,N2,,methylthiophene-terminated McC route,,BGBC,saturation,,1.4,N2,98,0.00767,,,,,CHCl3,,,,,2500,,,HMDS,,,,,-95,,0.5,2003,
202,1,60,30,30 min to RT,125,1,Kline,,,,,,,,,,,,10.1021/ma047415f,SPUN,,,,,Au,,,,,20 - 50,35,,,,,3.5,,3.2,N2,,,,BGBC,Saturation,,,N2,98,0.0001921,,,,,CHCl3,,,,,2000,,,HMDS,,,,,,,,2005,
203,2,60,30,30 min to RT,125,1,Kline,,,,,,,,,,,,10.1021/ma047415f,SPUN,,,,,Au,,,,,20 - 50,35,,,,,3.5,,9,N2,,,,BGBC,Saturation,,,N2,98,0.000516,,,,,CHCl3,,,,,2000,,,HMDS,,,,,,,,2005,
204,3,60,30,30 min to RT,125,1,Kline,,,,,,,,,,,,10.1021/ma047415f,SPUN,,,,,Au,,,,,20 - 50,35,,,,,3.5,,31.1,N2,,,,BGBC,Saturation,,,N2,98,0.00615,,,,,CHCl3,,,,,2000,,,HMDS,,,,,,,,2005,
205,4,60,30,,,,Kline,,,,,,,,,,,,10.1021/ma047415f,SPUN,,,,,Au,,,,,20 - 50,35,,,,,3.5,,3.2,N2,,,,BGBC,Saturation,,,N2,98,1.686e-06,,,,,CHCl3,,,,,2000,,,HMDS,,,,,,,,2005,
206,5,60,30,,,,Kline,,,,,,,,,,,,10.1021/ma047415f,SPUN,,,,,Au,,,,,20 - 50,35,,,,,3.5,,9,N2,,,,BGBC,Saturation,,,N2,98,0.00067,,,,,CHCl3,,,,,2000,,,HMDS,,,,,,,,2005,
207,6,60,30,,,,Kline,,,,,,,,,,,,10.1021/ma047415f,SPUN,,,,,Au,,,,,20 - 50,35,,,,,3.5,,31.1,N2,,,,BGBC,Saturation,,,N2,98,0.00783,,,,,CHCl3,,,,,2000,,,HMDS,,,,,,,,2005,
208,7,60,30,,,,Kline,,,,,,,,,,,,10.1021/ma047415f,SPUN,,,,,Au,,,,,20 - 50,35,,,,,3.5,,3.2,N2,,,,BGBC,Saturation,,,N2,98,7.014e-05,,,,,P-Xylene,,,,,2000,,,HMDS,,,,,,,,2005,
209,8,60,30,,,,Kline,,,,,,,,,,,,10.1021/ma047415f,SPUN,,,,,Au,,,,,20 - 50,35,,,,,3.5,,9,N2,,,,BGBC,Saturation,,,N2,98,0.0009827,,,,,P-Xylene,,,,,2000,,,HMDS,,,,,,,,2005,
210,9,60,30,,,,Kline,,,,,,,,,,,,10.1021/ma047415f,SPUN,,,,,Au,,,,,20 - 50,35,,,,,3.5,,31.1,N2,,,,BGBC,Saturation,,,N2,98,0.0284,,,,,P-Xylene,,,,,2000,,,HMDS,,,,,,,,2005,
211,10,60,30,,,,Kline,,,,,,,,,,,,10.1021/ma047415f,DROPPED,,,,,Au,"Capped, ~30 min",,,,20-50,35,,,,,0.5,,3.2,N2,,,,BGBC,Saturation,,,N2,98,5.08e-05,,,,,CHCl3,,,,,,,,HMDS,,,,,,,,2005,
212,11,60,30,,,,Kline,,,,,,,,,,,,10.1021/ma047415f,DROPPED,,,,,Au,"Capped, ~30 min",,,,20-50,35,,,,,0.5,,9,N2,,,,BGBC,Saturation,,,N2,98,0.00357,,,,,CHCl3,,,,,,,,HMDS,,,,,,,,2005,
213,12,60,30,,,,Kline,,,,,,,,,,,,10.1021/ma047415f,DROPPED,,,,,Au,"Capped, ~30 min",,,,20-50,35,,,,,0.5,,31.1,N2,,,,BGBC,Saturation,,,N2,98,0.00615,,,,,CHCl3,,,,,,,,HMDS,,,,,,,,2005,
214,1,,12,,,,Newbloom,,,,,20,,0.8,,,,,10.1021/ma2000515,DROPPED,,,,,Au,,,,,,,,,,,2,,24,N2,,,,BGBC,Saturation,,2.04,N2,> 98%,0.0239,,,,,P-Xylene,,,,,,,,OTS,,,,,-80,,,2011,
215,2,,24,,,,Newbloom,,,,,20,,0.8,,,,,10.1021/ma2000515,DROPPED,,,,,Au,,,,,,,,,,,2,,24,N2,,,,BGBC,Saturation,,2.04,N2,> 98%,0.0305,,,,,Toluene,,,,,,,,OTS,,,,,-80,,,2011,
216,3,,76,,,,Newbloom,,,,,20,,0.8,,,,,10.1021/ma2000515,DROPPED,,,,,Au,,,,,,,,,,,2,,24,N2,,,,BGBC,Saturation,,2.04,N2,> 98%,0.0335,,,,,Styrene,,,,,,,,OTS,,,,,-80,,,2011,
217,4,,168,,,,Newbloom,,,,,20,,0.8,,,,,10.1021/ma2000515,DROPPED,,,,,Au,,,,,,,,,,,2,,24,N2,,,,BGBC,Saturation,,2.04,N2,> 98%,0.0145,,,,,Benzene,,,,,,,,OTS,,,,,-80,,,2011,
218,1,,,,240,0.5,Park,,,,,100,,1,,,,,10.5012/bkcs.2014.35.88.22770,SPUN,,,,,Au,,,,,,32,,,,,,,25,,,,,BGTC,Saturation,,,,90,0.0035,,,,,CHCl3,,,,,,,,,,,,,-60,,0.5,2014,
219,2,,,,240,0.5,Park,,,,,150,,1,,,,,10.5012/bkcs.2014.35.88.22770,SPUN,,,,,Au,,,,,,32,,,,,,,25,,,,,BGTC,Saturation,,,,90,0.0035,,,,,CHCl3,,,,,,,,,,,,,-60,,0.5,2014,
220,3,,,,240,0.5,Park,,,,,200,,1,,,,,10.5012/bkcs.2014.35.88.22770,SPUN,,,,,Au,,,,,,32,,,,,,,25,,,,,BGTC,Saturation,,,,90,0.0035,,,,,CHCl3,,,,,,,,,,,,,-60,,0.5,2014,
221,4,,,,240,0.5,Park,,,,,250,,1,,,,,10.5012/bkcs.2014.35.88.22770,SPUN,,,,,Au,,,,,,32,,,,,,,25,,,,,BGTC,Saturation,,,,90,0.0035,,,,,CHCl3,,,,,,,,,,,,,-60,,0.5,2014,
222,5,,,,,,Park,,,,,100,,1,,,,,10.5012/bkcs.2014.35.88.22770,SPUN,,,,,Au,,,,,,32,,,,,,,25,,,,,BGTC,Saturation,,,,90,0.00032,,,,,CHCl3,,,,,,,,,,,,,-60,,0.5,2014,
223,6,,,,,,Park,,,,,150,,1,,,,,10.5012/bkcs.2014.35.88.22770,SPUN,,,,,Au,,,,,,32,,,,,,,25,,,,,BGTC,Saturation,,,,90,0.00032,,,,,CHCl3,,,,,,,,,,,,,-60,,0.5,2014,
224,7,,,,,,Park,,,,,200,,1,,,,,10.5012/bkcs.2014.35.88.22770,SPUN,,,,,Au,,,,,,32,,,,,,,25,,,,,BGTC,Saturation,,,,90,0.00032,,,,,CHCl3,,,,,,,,,,,,,-60,,0.5,2014,
225,8,,,,,,Park,,,,,250,,1,,,,,10.5012/bkcs.2014.35.88.22770,SPUN,,,,,Au,,,,,,32,,,,,,,25,,,,,BGTC,Saturation,,,,90,0.00032,,,,,CHCl3,,,,,,,,,,,,,-60,,0.5,2014,
226,1,,,,,,"Park,Ko",,,,,200,,0.5,,,,,10.1021/jp4116047,SPUN,,,,,Au,,,,,,90,,,,,3,,24,Vacuum,47.7,RT Mob. taken from line fit,,BGBC,Linear,,1.9875,N2,92,0.00381,,,,,CHCl3,,,,,2000,60,,,,,,,,,,2014,
227,2,,,,,,"Park,Ko",,,,,200,,0.5,,,,,10.1021/jp4116047,SPUN,,,,,Au,,,,,,90,,,,,3,,24,Vacuum,47.7,,,BGBC,Linear,,1.9875,N2,92,0.03174563637806794,,,,,CHCl3,,20,,,2000,60,,,,,,,,,,2014,
228,1,,,,,,Scharsich,,,,,100,,148.5,,,,,10.1002/polb.23022,SPUN,,,,,Au,,,,,,,,,,,15,,5.1,N2,,,,BGTC,Saturation,,1,N2,low,4.58e-05,,,,,CHCl3,,,,,1500,,,HMDS,,,,,-60,,,2012,
229,2,,,,,,Scharsich,,,,,100,,148.5,,,,,10.1002/polb.23022,SPUN,,,,,Au,,,,,,,,,,,15,,11.3,N2,,,,BGTC,Saturation,,1,N2,low,0.019,,,,,CHCl3,,,,,1500,,,HMDS,,,,,-60,,,2012,
230,3,,,,,,Scharsich,,,,,100,,148.5,,,,,10.1002/polb.23022,SPUN,,,,,Au,,,,,,,,,,,15,,18.6,N2,,,,BGTC,Saturation,,1,N2,low,0.016,,,,,CHCl3,,,,,1500,,,HMDS,,,,,-60,,,2012,
231,4,,,,,,Scharsich,,,,,100,,148.5,,,,,10.1002/polb.23022,SPUN,,,,,Au,,,,,,,,,,,15,,5.6,N2,,,,BGTC,Saturation,,1.18,N2,low,1.23e-06,,,,,CHCl3,,,,,1500,,,HMDS,,,,,-60,,,2012,
232,5,,,,,,Scharsich,,,,,100,,148.5,,,,,10.1002/polb.23022,DIPPED,,,,,Au,,,,,,,,,,,15,,13.8,N2,,,,BGTC,Saturation,,1.48,N2,low,0.000609,,,,,CHCl3,,,,,1500,,,HMDS,,,,,-60,,,2012,
233,6,,,,,,Scharsich,,,,,100,,148.5,,,,,10.1002/polb.23022,DIPPED,,,,,Au,,,,,,,,,,,15,,19,N2,,,,BGTC,Saturation,,1.35,N2,low,0.0106,,,,,CHCl3,,,,,1500,,,HMDS,,,,,-60,,,2012,
234,1,,,,,,Surin,,,,,7.5,5-10,1,,,,,10.1063/1.2222065,SPUN,,,,,Au,,,,,10-20,15,,,,,1,,25.5,N2,,,,BGBC,Saturation,4000,1.48,N2,98.5,0.023,,,,,TCB,,,,,4000,60,,,,,,,-60,,,2006,
235,2,,,,,,Surin,,,,,7.5,5-10,1,,,,,10.1063/1.2222065,SPUN,,,,,Au,,,,,10-20,15,,,,,1,,25.5,N2,,,,BGBC,Saturation,3000,1.48,N2,98.5,0.015,,,,,P-Xylene,,,,,4000,60,,,,,,,-60,,,2006,
236,3,,,,,,Surin,,,,,7.5,5-10,1,,,,,10.1063/1.2222065,SPUN,,,,,Au,,,,,10-20,15,,,,,1,,25.5,N2,,,,BGBC,Saturation,1000,1.48,N2,98.5,0.0011,,,,,CHCl3,,,,,4000,60,,,,,,,-60,,,2006,
237,4,,,,,,Surin,,,,,7.5,5-10,1,,,,,10.1063/1.2222065,SPUN,,,,,Au,,,,,10-20,15,,,,,1,,25.5,N2,,,,BGBC,Saturation,10000,1.48,N2,98.5,0.0016,,,,,CHCl3,,,,,4000,60,,HMDS,,,,,-60,,,2006,
238,5,,,,,,Surin,,,,,7.5,5-10,1,,,,,10.1063/1.2222065,DIPPED,,1,,,Au,,,,,10-20,15,,,,,1,,25.5,N2,,,,BGBC,Saturation,1000000,1.48,N2,98.5,0.0024,,,,,TCB,,,,,,,,,,,,,-60,,,2006,
239,6,,,,,,Surin,,,,,7.5,5-10,1,,,,,10.1063/1.2222065,DIPPED,,1,,,Au,,,,,10-20,15,,,,,1,,25.5,N2,,,,BGBC,Saturation,10000,1.48,N2,98.5,0.015,,,,,P-Xylene,,,,,,,,,,,,,-60,,,2006,
240,7,,,,,,Surin,,,,,7.5,5-10,1,,,,,10.1063/1.2222065,DIPPED,,1,,,Au,,,,,10-20,15,,,,,1,,25.5,N2,,,,BGBC,Saturation,50000,1.48,N2,98.5,0.085,,,,,CHCl3,,,,,,,,,,,,,-60,,,2006,
241,8,,,,,,Surin,,,,,7.5,5-10,1,,,,,10.1063/1.2222065,DIPPED,,1,,,Au,,,,,10-20,15,,,,,1,,25.5,N2,,,,BGBC,Saturation,200000,1.48,N2,98.5,0.15,,,,,CHCl3,,,,,,,,HMDS,,,,,-60,,,2006,
242,9,,,,,,Surin,,,,,7.5,5-10,1,,,,,10.1063/1.2222065,DROPPED,,,,,Au,,,,,10-20,15,,,,,0.1,,25.5,N2,,,,BGBC,Saturation,1000,1.48,N2,98.5,0.00015,,,,,TCB,,,,,,,,,,,,,-60,,,2006,
243,10,,,,,,Surin,,,,,7.5,5-10,1,,,,,10.1063/1.2222065,DROPPED,,,,,Au,,,,,10-20,15,,,,,0.1,,25.5,N2,,,,BGBC,Saturation,100,1.48,N2,98.5,0.0014,,,,,P-Xylene,,,,,,,,,,,,,-60,,,2006,
244,11,,,,,,Surin,,,,,7.5,5-10,1,,,,,10.1063/1.2222065,DROPPED,,,,,Au,,,,,10-20,15,,,,,0.1,,25.5,N2,,,,BGBC,Saturation,1000,1.48,N2,98.5,0.021,,,,,CHCl3,,,,,,,,,,,,,-60,,,2006,
245,12,,,,,,Surin,,,,,7.5,5-10,1,,,,,10.1063/1.2222065,DROPPED,,,,,Au,,,,,10-20,15,,,,,0.1,,25.5,N2,,,,BGBC,Saturation,1000,1.48,N2,98.5,0.0023,,,,,CHCl3,,,,,,,,HMDS,,,,,-60,,,2006,
246,13,,,,150,1,Surin,,,,,7.5,5-10,1,,,,,10.1063/1.2222065,DROPPED,,1,,,Au,,,,,10-20,15,,,,,0.1,,25.5,N2,,,,BGBC,Saturation,200000,1.48,N2,98.5,0.25,,,,,CHCl3,,,,,,,,HMDS,,,,,-60,,,2006,
247,1,,,,,,Verilhac,,,,,20,,9,,,,,10.1016/j.synthmet.2006.04.013,SPUN,,,,,Au,,,,,,50,,,,,2,,1.9,N2,,,,BGBC,Saturation,,1.45,Air,98,4.86e-05,,,,,CHCl3,,,,,300,30,,HMDS,,,,,-60,,,2006,
248,2,,,,,,Verilhac,,,,,20,,9,,,,,10.1016/j.synthmet.2006.04.013,SPUN,,,,,Au,,,,,,50,,,,,2,,5.6,N2,,,,BGBC,Saturation,,2.07,Air,98,0.000551,,,,,CHCl3,,,,,300,30,,HMDS,,,,,-60,,,2006,
249,3,,,,,,Verilhac,,,,,20,,9,,,,,10.1016/j.synthmet.2006.04.013,SPUN,,,,,Au,,,,,,50,,,,,2,,10.8,N2,,,,BGBC,Saturation,,1.98,Air,98,0.00399,,,,,CHCl3,,,,,300,30,,HMDS,,,,,-60,,,2006,
250,4,,,,,,Verilhac,,,,,20,,9,,,,,10.1016/j.synthmet.2006.04.013,SPUN,,,,,Au,,,,,,50,,,,,2,,27,N2,,,,BGBC,Saturation,,2.25,Air,98,0.0229,,,,,CHCl3,,,,,300,30,,HMDS,,,,,-60,,,2006,
251,5,,,,,,Verilhac,,,,,20,,9,,,,,10.1016/j.synthmet.2006.04.013,DIPPED,,0.2,,,Au,,,,,,50,,,,,1,,1.9,N2,,,,BGBC,Saturation,,1.45,Air,98,0.000114,,,,,CHCl3,,,,,,,,,,,,,-60,,,2006,
252,6,,,,,,Verilhac,,,,,20,,9,,,,,10.1016/j.synthmet.2006.04.013,DIPPED,,0.2,,,Au,,,,,,50,,,,,1,,5.6,N2,,,,BGBC,Saturation,,2.07,Air,98,0.000912,,,,,CHCl3,,,,,,,,,,,,,-60,,,2006,
253,7,,,,,,Verilhac,,,,,20,,9,,,,,10.1016/j.synthmet.2006.04.013,DIPPED,,0.2,,,Au,,,,,,50,,,,,1,,10.8,N2,,,,BGBC,Saturation,,1.98,Air,98,0.00687,,,,,CHCl3,,,,,,,,,,,,,-60,,,2006,
254,8,,,,,,Verilhac,,,,,20,,9,,,,,10.1016/j.synthmet.2006.04.013,DIPPED,,0.2,,,Au,,,,,,50,,,,,1,,27,N2,,,,BGBC,Saturation,,2.25,Air,98,0.017,,,,,CHCl3,,,,,,,,,,,,,-60,,,2006,
255,9,,,,,,Verilhac,,,,,20,,9,,,,,10.1016/j.synthmet.2006.04.013,DROPPED,,,,,Au,,,,,,50,,,,,0.5,,1.09,N2,,,,BGBC,Saturation,,1.31,Air,98,1.46e-05,,,,,CHCl3,THF,,,,,,,HMDS,,,0.824,,-60,,,2006,
256,10,,,,,,Verilhac,,,,,20,,9,,,,,10.1016/j.synthmet.2006.04.013,DROPPED,,,,,Au,,,,,,50,,,,,0.5,,1.9,N2,,,,BGBC,Saturation,,1.45,Air,98,3.43e-05,,,,,CHCl3,THF,,,,,,,HMDS,,,0.824,,-60,,,2006,
257,11,,,,,,Verilhac,,,,,20,,9,,,,,10.1016/j.synthmet.2006.04.013,DROPPED,,,,,Au,,,,,,50,,,,,0.5,,5.6,N2,,,,BGBC,Saturation,,2.07,Air,98,0.000709,,,,,CHCl3,THF,,,,,,,HMDS,,,0.824,,-60,,,2006,
258,12,,,,,,Verilhac,,,,,20,,9,,,,,10.1016/j.synthmet.2006.04.013,DROPPED,,,,,Au,,,,,,50,,,,,0.5,,10.8,N2,,,,BGBC,Saturation,,1.98,Air,98,0.00414,,,,,CHCl3,THF,,,,,,,HMDS,,,0.824,,-60,,,2006,
259,13,,,,,,Verilhac,,,,,20,,9,,,,,10.1016/j.synthmet.2006.04.013,DROPPED,,,,,Au,,,,,,50,,,,,0.5,,27,N2,,,,BGBC,Saturation,,2.25,Air,98,0.0364,,,,,CHCl3,THF,,,,,,,HMDS,,,0.824,,-60,,,2006,
260,1,,,,,,Wang,,,,,50,,2,,,,,10.1021/acsnano.5b02582,SPUN,,,,,,,,,0.1384,,,,,,-0.05,5,,19.8,N2,43.9,,,BGBC,Saturation,,2.217171717171717,Air,0.96,0.013,,,,,CHCl3,,,3.93,,1500,60,,,,,,,-80,,,2015,
261,2,,,,,,Wang,,,,,50,,2,,,30,,10.1021/acsnano.5b02582,SPUN,,,,,,,,,,,,,,,,5,,19.8,N2,43.9,,,BGBC,Saturation,,2.217171717171717,Air,0.96,0.025,,,,,CHCl3,,,,,1500,60,,,,,,,-80,,,2015,
262,3,,,,,,Wang,,,,,50,,2,,,,,10.1021/acsnano.5b02582,SPUN,,,,,,,,,,,,,,,,5,,19.8,N2,43.9,,,BGBC,Saturation,,2.217171717171717,Air,0.96,0.05,,,,,CHCl3,,,,,1500,60,,,,6,,,-80,,,2015,
263,4,,,,,,Wang,,,,,50,,2,,,30,236,10.1021/acsnano.5b02582,SPUN,,,,,,,,,0.10316,,,,,,-0.015,5,,19.8,N2,43.9,,,BGBC,Saturation,,2.217171717171717,Air,0.96,0.065,0.34,,,,CHCl3,,,3.84,,1500,60,,,,6,,,-80,,,2015,
264,5,,,,,,Wang,,,,,50,,2,,1,,,10.1021/acsnano.5b02582,SPUN,,,,,,,,,,,,,,,,5,0.25,19.8,N2,43.9,,,BGBC,Saturation,,2.217171717171717,Air,0.96,0.02,,,,,CHCl3,,,,,1500,60,,,,,,,-80,,,2015,
265,6,,,,,,Wang,,,,,50,,2,,,,,10.1021/acsnano.5b02582,SPUN,,,,,,,,,,,,,,,,5,0.25,19.8,N2,43.9,,,BGBC,Saturation,,2.217171717171717,Air,0.96,0.11,,,,,CHCl3,,,,,1500,60,,,15,,,,-80,,,2015,
266,7,,,,,,Wang,,,,,50,,2,,1,,504,10.1021/acsnano.5b02582,SPUN,,,,,,,,,0.0689,,,,,,0.022,5,0.1,19.8,N2,43.9,,,BGBC,Saturation,,2.217171717171717,Air,0.96,0.09,0.26,,,,CHCl3,,,3.79,,1500,60,,,15,,,,-80,,,2015,
267,8,,,,,,Wang,,,,,50,,2,,1,,904,10.1021/acsnano.5b02582,SPUN,,,,,,,,,0.0256,,,,,,0.2,5,0.25,19.8,N2,43.9,,,BGBC,Saturation,,2.217171717171717,Air,0.96,0.16,0.81,,,,CHCl3,,,3.71,,1500,60,,,15,,,,-80,,,2015,
268,9,,,,,,Wang,,,,,50,,2,,1,,246,10.1021/acsnano.5b02582,SPUN,,,,,,,,,0.0689,,,,,,0.08,5,0.6,19.8,N2,43.9,,,BGBC,Saturation,,2.217171717171717,Air,0.96,0.12,0.44,,,,CHCl3,,,3.76,,1500,60,,,15,,,,-80,,,2015,
269,1,,,,,,Zen,,,,,100,,148.5,,,,,10.1002/adfm.200400017,SPUN,,,,,Au,,,,,30-60,45,,,,,,,2.2,N2,,,,BGTC,Saturation,,1.43,N2,0.91,5.5e-07,,,,,CHCl3,,,,,,,,HMDS,,,,,-80,,,2004,
270,2,,,,150,0.08333333333333333,Zen,,,,,100,,148.5,,,,,10.1002/adfm.200400017,SPUN,,,,,Au,,,,,30-60,45,,,,,,,2.2,N2,,,,BGTC,Saturation,,1.43,N2,0.91,2.5e-06,,,,,CHCl3,,,,,,,,HMDS,,,,,-80,,,2004,
271,3,,,,,,Zen,,,,,100,,148.5,,,,,10.1002/adfm.200400017,SPUN,,,,,Au,,,,,30-60,45,,,,,,,5.6,N2,,,,BGTC,Saturation,,1.18,N2,0.91,1.6e-05,,,,,CHCl3,,,,,,,,HMDS,,,,,-80,,,2004,
272,4,,,,150,0.08333333333333333,Zen,,,,,100,,148.5,,,,,10.1002/adfm.200400017,SPUN,,,,,Au,,,,,30-60,45,,,,,,,5.6,N2,,,,BGTC,Saturation,,1.18,N2,0.91,4.3e-05,,,,,CHCl3,,,,,,,,HMDS,,,,,-80,,,2004,
273,5,,,,,,Zen,,,,,100,,148.5,,,,,10.1002/adfm.200400017,SPUN,,,,,Au,,,,,30-60,45,,,,,,,13.8,N2,,,,BGTC,Saturation,,1.48,N2,0.91,0.0013,,,,,CHCl3,,,,,,,,HMDS,,,,,-80,,,2004,
274,6,,,,150,0.08333333333333333,Zen,,,,,100,,148.5,,,,,10.1002/adfm.200400017,SPUN,,,,,Au,,,,,30-60,45,,,,,,,13.8,N2,,,,BGTC,Saturation,,1.48,N2,0.91,0.00047,,,,,CHCl3,,,,,,,,HMDS,,,,,-80,,,2004,
275,7,,,,,,Zen,,,,,100,,148.5,,,,,10.1002/adfm.200400017,SPUN,,,,,Au,,,,,30-60,45,,,,,,,19,N2,,,,BGTC,Saturation,,1.35,N2,0.91,0.0026,,,,,CHCl3,,,,,,,,HMDS,,,,,-80,,,2004,
276,8,,,,150,0.08333333333333333,Zen,,,,,100,,148.5,,,,,10.1002/adfm.200400017,SPUN,,,,,Au,,,,,30-60,45,,,,,,,19,N2,,,,BGTC,Saturation,,1.35,N2,0.91,0.0042,,,,,CHCl3,,,,,,,,HMDS,,,,,-80,,,2004,
277,1,25,48,,,,Zhao,,,,,30,,0.5,,,,,10.1002/adfm.201301007,SPUN,,,,,Au,,,,,,40,,,,,3.5,,35,Air,70,,,BGTC,Saturation,,2,Air,97,0.00368,,,,,Toluene,,,,,1000,30,,,,,,,,,,2013,
278,2,25,48,,,,Zhao,,,,,30,,0.5,,,,,10.1002/adfm.201301007,SPUN,,,,,Au,,,,,,40,,,,,3.5,,35,Air,70,,,BGTC,Saturation,,2,Air,97,0.00135,,,,,Toluene,,2,,,1000,30,,,,,,,,,,2013,
279,3,25,48,,,,Zhao,,,,,30,,0.5,,,,,10.1002/adfm.201301007,SPUN,,,,,Au,,,,,,40,,,,,3.5,,35,Air,70,,,BGTC,Saturation,,2,Air,97,0.000629,,,,,Toluene,,4,,,1000,30,,,,,,,,,,2013,
280,4,25,48,,,,Zhao,,,,,30,,0.5,,,,,10.1002/adfm.201301007,SPUN,,,,,Au,,,,,,40,,,,,3.5,,35,Air,70,,,BGTC,Saturation,,2,Air,97,0.000871,,,,,Toluene,,6,,,1000,30,,,,,,,,,,2013,
281,5,25,48,,,,Zhao,,,,,30,,0.5,,,,,10.1002/adfm.201301007,SPUN,,,,,Au,,,,,,40,,,,,3.5,,35,Air,70,,,BGTC,Saturation,,2,Air,97,0.00102,,,,,Toluene,,8,,,1000,30,,,,,,,,,,2013,
282,6,25,48,,,,Zhao,,,,,30,,0.5,,,,,10.1002/adfm.201301007,SPUN,,,,,Au,,,,,33-43,38,,,,,3.5,,68,Air,163.2,,,BGTC,Saturation,,2.4,Air,>90,0.00102,,,,,Toluene,,,,,1000,30,,,,,,,,,,2013,
283,7,25,48,,,,Zhao,,,,,30,,0.5,,,,,10.1002/adfm.201301007,SPUN,,,,,Au,,,,,33-43,38,,,,,3.5,,68,Air,163.2,,,BGTC,Saturation,,2.4,Air,>90,0.00305,,,,,Toluene,,2,,,1000,30,,,,,,,,,,2013,
284,8,25,48,,,,Zhao,,,,,30,,0.5,,,,,10.1002/adfm.201301007,SPUN,,,,,Au,,,,,33-43,38,,,,,3.5,,68,Air,163.2,,,BGTC,Saturation,,2.4,Air,>90,0.00803,,,,,Toluene,,4,,,1000,30,,,,,,,,,,2013,
285,9,25,48,,,,Zhao,,,,,30,,0.5,,,,,10.1002/adfm.201301007,SPUN,,,,,Au,,,,,33-43,38,,,,,3.5,,68,Air,163.2,,,BGTC,Saturation,,2.4,Air,>90,0.00953,,,,,Toluene,,6,,,1000,30,,,,,,,,,,2013,
286,10,25,48,,,,Zhao,,,,,30,,0.5,,,,,10.1002/adfm.201301007,SPUN,,,,,Au,,,,,33-43,38,,,,,3.5,,68,Air,163.2,,,BGTC,Saturation,,2.4,Air,>90,0.00915,,,,,Toluene,,8,,,1000,30,,,,,,,,,,2013,
