,AgeTemp,AgeTime,AnnCool,AnnTemp,AnnTime,Author,BP,BladeH,BladeVel,CastCond,ChanLen,ChanOrient,ChanWid,ChannelConfig,CoolResTime,Cooling,CorrLen,DCRatio,DOI,Depo,DevAge,DevName,DipRate,DropSize,ElectrodeMat,EvapCont,FibLen,FilmAggFrac,FilmEB,FilmRange,FilmThick,GateMate,GrainSize100,HR,Herman,InitConc,MFFlowRate,Mn,MobEnv,MobStdDev,Mw,Notes,NozzleDis,OFETConfig,OFETReg,PDI,ProcEnv,RR,RTMob,Sfull,ShortName,SolAggFrac,SolCool,SolEB,SolTreat,Solv1,Solv2,Sonicated,SonicationTime,Space010,Space100,SpinRate,SpinTime,SprayTime,SubsTreat,UVResTime,UVTime,VFSolv1,VT,VTStdDev,VarParam,Vds,Year
0,,,,,,Chang,,,,,50,,2,Single,,,,,10.1021/am506546ki,SPUN,,,,,Au,,,49.3,0.135,,,,,,,5,,19.7,N2,,43.7,,,BGBC,Saturation,2,Air,0.96,0.023,,,,,,,CHCl3,,0,0,,16.49,1500,60,,,,0,,,,"Sonication, UV",-80,2014
1,,,,,,Chang,,,,,50,,2,Single,,,,,10.1021/am506546ki,SPUN,,,,,Au,,,,,,,,,,,5,,19.7,N2,,43.7,,,BGBC,Saturation,2,Air,0.96,0.069,,,,,,,CHCl3,,0,0,,,1500,60,,,,2,,,,"Sonication, UV",-80,2014
2,,,,,,Chang,,,,,50,,2,Single,,,,,10.1021/am506546ki,SPUN,,,,,Au,,,,,,,,,,,5,,19.7,N2,,43.7,,,BGBC,Saturation,2,Air,0.96,0.081,,,,,,,CHCl3,,0,0,,,1500,60,,,,4,,,,"Sonication, UV",-80,2014
3,,,,,,Chang,,,,,50,,2,Single,,,,,10.1021/am506546ki,SPUN,,,,,Au,,,53.6,0.099,,,,,,,5,,19.7,N2,,43.7,,,BGBC,Saturation,2,Air,0.96,0.091,,,,,,,CHCl3,,0,0,,16.24,1500,60,,,,6,,,,"Sonication, UV",-80,2014
4,,,,,,Chang,,,,,50,,2,Single,,,,,10.1021/am506546ki,SPUN,,,,,Au,,,59.599999999999994,0.0365,,,,,,,5,,19.7,N2,,43.7,,,BGBC,Saturation,2,Air,0.96,0.085,,,,,,,CHCl3,,1,2,,16.36,1500,60,,,,0,,,,"Sonication, UV",-80,2014
5,,,,,,Chang,,,,,50,,2,Single,,,,,10.1021/am506546ki,SPUN,,,,,Au,,,,,,,,,,,5,,19.7,N2,,43.7,,,BGBC,Saturation,2,Air,0.96,0.09,,,,,,,CHCl3,,1,2,,,1500,60,,,,2,,,,"Sonication, UV",-80,2014
6,,,,,,Chang,,,,,50,,2,Single,,,,,10.1021/am506546ki,SPUN,,,,,Au,,,,,,,,,,,5,,19.7,N2,,43.7,,,BGBC,Saturation,2,Air,0.96,0.102,,,,,,,CHCl3,,1,2,,,1500,60,,,,4,,,,"Sonication, UV",-80,2014
7,,,,,,Chang,,,,,50,,2,Single,,,,,10.1021/am506546ki,SPUN,,,,,Au,,,58.4,0.015,,,,,,,5,,19.7,N2,,43.7,,,BGBC,Saturation,2,Air,0.96,0.12,,,,,,,CHCl3,,1,2,,16.36,1500,60,,,,6,,,,"Sonication, UV",-80,2014
8,,,,,,Chang,,,,,50,,2,Single,,,,,10.1021/am506546ki,SPUN,,,,,Au,,,,,,,,,,,5,,19.7,N2,,43.7,,,BGBC,Saturation,2,Air,0.96,0.072,,,,,,,CHCl3,,1,4,,,1500,60,,,,0,,,,"Sonication, UV",-80,2014
9,,,,,,Chang,,,,,50,,2,Single,,,,,10.1021/am506546ki,SPUN,,,,,Au,,,,,,,,,,,5,,19.7,N2,,43.7,,,BGBC,Saturation,2,Air,0.96,0.094,,,,,,,CHCl3,,1,4,,,1500,60,,,,2,,,,"Sonication, UV",-80,2014
10,,,,,,Chang,,,,,50,,2,Single,,,,,10.1021/am506546ki,SPUN,,,,,Au,,,,,,,,,,,5,,19.7,N2,,43.7,,,BGBC,Saturation,2,Air,0.96,0.101,,,,,,,CHCl3,,1,4,,,1500,60,,,,4,,,,"Sonication, UV",-80,2014
11,,,,,,Chang,,,,,50,,2,Single,,,,,10.1021/am506546ki,SPUN,,,,,Au,,,,,,,,,,,5,,19.7,N2,,43.7,,,BGBC,Saturation,2,Air,0.96,0.111,,,,,,,CHCl3,,1,4,,,1500,60,,,,6,,,,"Sonication, UV",-80,2014
12,,,,,,Chang,,,,,50,,2,Single,,,,,10.1021/am506546ki,SPUN,,,,,Au,,,,,,,,,,,5,,19.7,N2,,43.7,,,BGBC,Saturation,2,Air,0.96,0.051,,,,,,,CHCl3,,1,6,,,1500,60,,,,0,,,,"Sonication, UV",-80,2014
13,,,,,,Chang,,,,,50,,2,Single,,,,,10.1021/am506546ki,SPUN,,,,,Au,,,,,,,,,,,5,,19.7,N2,,43.7,,,BGBC,Saturation,2,Air,0.96,0.05,,,,,,,CHCl3,,1,6,,,1500,60,,,,2,,,,"Sonication, UV",-80,2014
14,,,,,,Chang,,,,,50,,2,Single,,,,,10.1021/am506546ki,SPUN,,,,,Au,,,,,,,,,,,5,,19.7,N2,,43.7,,,BGBC,Saturation,2,Air,0.96,0.059,,,,,,,CHCl3,,1,6,,,1500,60,,,,4,,,,"Sonication, UV",-80,2014
15,,,,,,Chang,,,,,50,,2,Single,,,,,10.1021/am506546ki,SPUN,,,,,Au,,,,,,,,,,,5,,19.7,N2,,43.7,,,BGBC,Saturation,2,Air,0.96,0.077,,,,,,,CHCl3,,1,6,,,1500,60,,,,6,,,,"Sonication, UV",-80,2014
16,,,,,,Chang,,,,,50,,2,Single,,,,,10.1021/am506546ki,SPUN,,,,,Au,,,45.800000000000004,0.138,,,,,,,5,,34.6,N2,,69,,,BGBC,Saturation,2,Air,0.92,0.004,,,,,,,CHCl3,,0,0,,16.96,1500,60,,,,0,,,,"Sonication, UV",-80,2014
17,,,,,,Chang,,,,,50,,2,Single,,,,,10.1021/am506546ki,SPUN,,,,,Au,,,,,,,,,,,5,,34.6,N2,,69,,,BGBC,Saturation,2,Air,0.92,0.01,,,,,,,CHCl3,,0,0,,,1500,60,,,,2,,,,"Sonication, UV",-80,2014
18,,,,,,Chang,,,,,50,,2,Single,,,,,10.1021/am506546ki,SPUN,,,,,Au,,,,,,,,,,,5,,34.6,N2,,69,,,BGBC,Saturation,2,Air,0.92,0.022,,,,,,,CHCl3,,0,0,,,1500,60,,,,4,,,,"Sonication, UV",-80,2014
19,,,,,,Chang,,,,,50,,2,Single,,,,,10.1021/am506546ki,SPUN,,,,,Au,,,48.5,0.137,,,,,,,5,,34.6,N2,,69,,,BGBC,Saturation,2,Air,0.92,0.02,,,,,,,CHCl3,,0,0,,16.67,1500,60,,,,6,,,,"Sonication, UV",-80,2014
20,,,,,,Chang,,,,,50,,2,Single,,,,,10.1021/am506546ki,SPUN,,,,,Au,,,48.3,0.133,,,,,,,5,,34.6,N2,,69,,,BGBC,Saturation,2,Air,0.92,0.02,,,,,,,CHCl3,,1,2,,16.91,1500,60,,,,0,,,,"Sonication, UV",-80,2014
21,,,,,,Chang,,,,,50,,2,Single,,,,,10.1021/am506546ki,SPUN,,,,,Au,,,,,,,,,,,5,,34.6,N2,,69,,,BGBC,Saturation,2,Air,0.92,0.035,,,,,,,CHCl3,,1,2,,,1500,60,,,,2,,,,"Sonication, UV",-80,2014
22,,,,,,Chang,,,,,50,,2,Single,,,,,10.1021/am506546ki,SPUN,,,,,Au,,,,,,,,,,,5,,34.6,N2,,69,,,BGBC,Saturation,2,Air,0.92,0.044,,,,,,,CHCl3,,1,2,,,1500,60,,,,4,,,,"Sonication, UV",-80,2014
23,,,,,,Chang,,,,,50,,2,Single,,,,,10.1021/am506546ki,SPUN,,,,,Au,,,46.400000000000006,0.132,,,,,,,5,,34.6,N2,,69,,,BGBC,Saturation,2,Air,0.92,0.042,,,,,,,CHCl3,,1,2,,16.84,1500,60,,,,6,,,,"Sonication, UV",-80,2014
24,,,,,,Chang,,,,,50,,2,Single,,,,,10.1021/am506546ki,SPUN,,,,,Au,,,,,,,,,,,5,,34.6,N2,,69,,,BGBC,Saturation,2,Air,0.92,0.019,,,,,,,CHCl3,,1,4,,,1500,60,,,,0,,,,"Sonication, UV",-80,2014
25,,,,,,Chang,,,,,50,,2,Single,,,,,10.1021/am506546ki,SPUN,,,,,Au,,,,,,,,,,,5,,34.6,N2,,69,,,BGBC,Saturation,2,Air,0.92,0.023,,,,,,,CHCl3,,1,4,,,1500,60,,,,2,,,,"Sonication, UV",-80,2014
26,,,,,,Chang,,,,,50,,2,Single,,,,,10.1021/am506546ki,SPUN,,,,,Au,,,,,,,,,,,5,,34.6,N2,,69,,,BGBC,Saturation,2,Air,0.92,0.03,,,,,,,CHCl3,,1,4,,,1500,60,,,,4,,,,"Sonication, UV",-80,2014
27,,,,,,Chang,,,,,50,,2,Single,,,,,10.1021/am506546ki,SPUN,,,,,Au,,,,,,,,,,,5,,34.6,N2,,69,,,BGBC,Saturation,2,Air,0.92,0.032,,,,,,,CHCl3,,1,4,,,1500,60,,,,6,,,,"Sonication, UV",-80,2014
28,,,,,,Chang,,,,,50,,2,Single,,,,,10.1021/am506546ki,SPUN,,,,,Au,,,,,,,,,,,5,,34.6,N2,,69,,,BGBC,Saturation,2,Air,0.92,0.018,,,,,,,CHCl3,,1,6,,,1500,60,,,,0,,,,"Sonication, UV",-80,2014
29,,,,,,Chang,,,,,50,,2,Single,,,,,10.1021/am506546ki,SPUN,,,,,Au,,,,,,,,,,,5,,34.6,N2,,69,,,BGBC,Saturation,2,Air,0.92,0.026,,,,,,,CHCl3,,1,6,,,1500,60,,,,2,,,,"Sonication, UV",-80,2014
30,,,,,,Chang,,,,,50,,2,Single,,,,,10.1021/am506546ki,SPUN,,,,,Au,,,,,,,,,,,5,,34.6,N2,,69,,,BGBC,Saturation,2,Air,0.92,0.021,,,,,,,CHCl3,,1,6,,,1500,60,,,,4,,,,"Sonication, UV",-80,2014
31,,,,,,Chang,,,,,50,,2,Single,,,,,10.1021/am506546ki,SPUN,,,,,Au,,,,,,,,,,,5,,34.6,N2,,69,,,BGBC,Saturation,2,Air,0.92,0.019,,,,,,,CHCl3,,1,6,,,1500,60,,,,6,,,,"Sonication, UV",-80,2014
32,,,,120,0.16666666666666666,Chang,,,,,50,,2,,,,,,10.1021/acsami.6b02216,SPUN,,,,,,,,,0.127,,,,63.6,,,5,,39.130434782608695,N2,,90,,,BGBC,Linear,2.3,Air,0.96,0.0046,,,,,,,CHCl3,,0,0,,16.5,1500,60,,,,,,,,Blade Velocity,-3,2016
33,,,,120,0.16666666666666666,Chang,,,2,,50,,2,,,,,,10.1021/acsami.6b02216,BLADE,,,,,,,,,0.115,,,,73.7,,,5,,39.130434782608695,N2,,90,,,BGBC,Linear,2.3,Air,0.96,0.097,,,,,,,CHCl3,,0,0,,16.6,,,,,,,,,,Blade Velocity,-3,2016
34,,,,120,0.16666666666666666,Chang,,,,,50,,2,,,,,,10.1021/acsami.6b02216,SPUN,,,,,,,,,0.115,,,,82.8,,,5,,39.130434782608695,N2,,90,,,BGBC,Linear,2.3,Air,0.96,0.099,,,,,,,CHCl3,,0,0,,16.25,1500,60,,,,8,,,,Blade Velocity,-3,2016
35,,,,120,0.16666666666666666,Chang,,,0.5,,50,,2,,,,421.1082,,10.1021/acsami.6b02216,BLADE,,,,,,,,,0.0768,,,,90.7,,,5,,39.130434782608695,N2,,90,,,BGBC,Linear,2.3,Air,0.96,0.089,0.33663,,,,,,CHCl3,,0,0,,16.74,,,,,,8,,,,Blade Velocity,-3,2016
36,,,,120,0.16666666666666666,Chang,,,1,,50,,2,,,,211.2126,,10.1021/acsami.6b02216,BLADE,,,,,,,,,0.068,,,,88,,,5,,39.130434782608695,N2,,90,,,BGBC,Linear,2.3,Air,0.96,0.129,0.81163,,,,,,CHCl3,,0,0,,17.65,,,,,,8,,,,Blade Velocity,-3,2016
37,,,,120,0.16666666666666666,Chang,,,2,,50,,2,,,,262.5311,,10.1021/acsami.6b02216,BLADE,,,,,,,,,0.08270000000000001,,,,87.5,,,5,,39.130434782608695,N2,,90,,,BGBC,Linear,2.3,Air,0.96,0.202,0.85375,,,,,,CHCl3,,0,0,,17.17,,,,,,8,,,,Blade Velocity,-3,2016
38,,,,120,0.16666666666666666,Chang,,,4,,50,,2,,,,516.4953,,10.1021/acsami.6b02216,BLADE,,,,,,,,,0.1097,,,,78,,,5,,39.130434782608695,N2,,90,,,BGBC,Linear,2.3,Air,0.96,0.106,0.64391,,,,,,CHCl3,,0,0,,16.6,,,,,,8,,,,Blade Velocity,-3,2016
39,,,,,,Choi,,,,,50,,2,,,,266.644,,10.1002/adfm.201403708 ,SPUN,,,,,Au,,,59.468321701362,0.0938107463798224,,,,72.3,,,5,,39.130434782608695,N2,,90,,,BGBC,Linear,2.3,Air,0.96,0.03522,0.083266,,,,,,CHCl3,,1,2,,16.15,1500,60,,,,,,,,"Sonication, Solvent",-3,2014
40,,,,,,Choi,,,,,50,,2,,,,260.8664,,10.1002/adfm.201403708 ,SPUN,,,,,Au,,,60.760726846614,0.0778216205378217,,,,76,,,5,,39.130434782608695,N2,,90,,,BGBC,Linear,2.3,Air,0.96,0.05182,0.14665,,,,,,CHCl3,2-MP,1,2,,16.11,1500,60,,,,,0.95,,,"Sonication, Solvent",-3,2014
41,,,,,,Choi,,,,,50,,2,,,,327.9002,,10.1002/adfm.201403708 ,SPUN,,,,,Au,,,63.9443502615333,0.0598926731896651,,,,82,,,5,,39.130434782608695,N2,,90,,,BGBC,Linear,2.3,Air,0.96,0.05468,0.086463,,,,,,CHCl3,2-MP,1,2,,16.15,1500,60,,,,,0.9,,,"Sonication, Solvent",-3,2014
42,,,,,,Choi,,,,,50,,2,,,,372.2298,,10.1002/adfm.201403708 ,SPUN,,,,,Au,,,64.3946510424588,0.0562622691341251,,,,90.3,,,5,,39.130434782608695,N2,,90,,,BGBC,Linear,2.3,Air,0.96,0.10343,0.25994,,,,,,CHCl3,2-MP,1,2,,16.15,1500,60,,,,,0.85,,,"Sonication, Solvent",-3,2014
43,,,,,,Choi,,,,,50,,2,,,,242.8569,,10.1002/adfm.201403708 ,SPUN,,,,,Au,,,65.9219455681389,0.0508187432006129,,,,84.9,,,5,,39.130434782608695,N2,,90,,,BGBC,Linear,2.3,Air,0.96,0.0539,0.21732,,,,,,CHCl3,2-MP,1,2,,15.99,1500,60,,,,,0.8,,,"Sonication, Solvent",-3,2014
44,,,,,,Choi,,,,,50,,2,,,,296.9343,,10.1002/adfm.201403708 ,SPUN,,,,,Au,,,65.5044870218145,0.0496347151420051,,,,82.3,,,5,,39.130434782608695,N2,,90,,,BGBC,Linear,2.3,Air,0.96,0.02093,0.15583,,,,,,CHCl3,2-MP,1,2,,15.99,1500,60,,,,,0.7,,,"Sonication, Solvent",-3,2014
45,,,,,,Choi,,,,,50,,2,,,,242.4394,,10.1002/adfm.201403708 ,SPUN,,,,,Au,,,66.0709672228945,0.0493345872189273,,,,80.9,,,5,,39.130434782608695,N2,,90,,,BGBC,Linear,2.3,Air,0.96,0.01123,0.15859,,,,,,CHCl3,2-MP,1,2,,15.9,1500,60,,,,,0.6,,,"Sonication, Solvent",-3,2014
46,,,,,,Choi,,,,,50,,2,,,,,,10.1002/adfm.201403708 ,SPUN,,,,,Au,,,56.6108500313237,0.145282016994306,,,,,,,5,,39.130434782608695,N2,,90,,,BGBC,Linear,2.3,Air,0.96,0.0184,,,,,,,CHCl3,2-MP,0,0,,,1500,60,,,,,0.95,,,"Sonication, Solvent",-3,2014
47,,,,,,Choi,,,,,50,,2,,,,,,10.1002/adfm.201403708 ,SPUN,,,,,Au,,,55.3770872128516,0.140999218091842,,,,,,,5,,39.130434782608695,N2,,90,,,BGBC,Linear,2.3,Air,0.96,0.0324,,,,,,,CHCl3,2-MP,0,0,,,1500,60,,,,,0.9,,,"Sonication, Solvent",-3,2014
48,,,,,,Choi,,,,,50,,2,,,,385.7158,,10.1002/adfm.201403708 ,SPUN,,,,,Au,,,56.919705558519,0.122988792821134,,,,,,,5,,39.130434782608695,N2,,90,,,BGBC,Linear,2.3,Air,0.96,0.042,0.42865,,,,,,CHCl3,2-MP,0,0,,16.63,1500,60,,,,,0.85,,,"Sonication, Solvent",-3,2014
49,,,,,,Choi,,,,,50,,2,,,,430.3374,,10.1002/adfm.201403708 ,SPUN,,,,,Au,,,59.7112911447842,0.0865687227653977,,,,,,,5,,39.130434782608695,N2,,90,,,BGBC,Linear,2.3,Air,0.96,0.0496,0.55495,,,,,,CHCl3,2-MP,0,0,,16.42,1500,60,,,,,0.8,,,"Sonication, Solvent",-3,2014
50,,,,,,Choi,,,,,50,,2,,,,295.5888,,10.1002/adfm.201403708 ,SPUN,,,,,Au,,,63.5705831586015,0.077317495890781,,,,,,,5,,39.130434782608695,N2,,90,,,BGBC,Linear,2.3,Air,0.96,0.0418,0.2701,,,,,,CHCl3,2-MP,0,0,,16.42,1500,60,,,,,0.7,,,"Sonication, Solvent",-3,2014
51,,,,,,Choi,,,,,50,,2,,,,298.1897,,10.1002/adfm.201403708 ,SPUN,,,,,Au,,,64.2542316075763,0.0719157134539499,,,,,,,5,,39.130434782608695,N2,,90,,,BGBC,Linear,2.3,Air,0.96,0.0347,0.14567,,,,,,CHCl3,2-MP,0,0,,16.42,1500,60,,,,,0.6,,,"Sonication, Solvent",-3,2014
52,,,,,,Choi,,,,,50,,2,,,,262.0994,,10.1002/adfm.201403708 ,SPUN,,,,,Au,,,61.4717708240373,0.0621141647690137,,,,,,,5,,39.130434782608695,N2,,90,,,BGBC,Linear,2.3,Air,0.96,0.0296,0.18712,,,,,,CHCl3,,1,1,,,1500,60,,,,,,,,"Sonication, Solvent",-3,2014
53,,,,,,Choi,,,,,50,,2,,,,271.1179,,10.1002/adfm.201403708 ,SPUN,,,,,Au,,,62.0252809525413,0.0620254159838577,,,,,,,5,,39.130434782608695,N2,,90,,,BGBC,Linear,2.3,Air,0.96,0.026,0.17689,,,,,,CHCl3,,1,2,,,1500,60,,,,,,,,"Sonication, Solvent",-3,2014
54,,,,,,Choi,,,,,50,,2,,,,332.0886,,10.1002/adfm.201403708 ,SPUN,,,,,Au,,,63.9166965941527,0.0508042704639124,,,,,,,5,,39.130434782608695,N2,,90,,,BGBC,Linear,2.3,Air,0.96,0.023,0.12816,,,,,,CHCl3,,1,3,,,1500,60,,,,,,,,"Sonication, Solvent",-3,2014
55,,,,,,Choi,,,,,50,,2,,,,251.5515,,10.1002/adfm.201403708 ,SPUN,,,,,Au,,,65.3987148150719,0.0404136770763976,,,,,,,5,,39.130434782608695,N2,,90,,,BGBC,Linear,2.3,Air,0.96,0.023,0.20321,,,,,,CHCl3,,1,4,,,1500,60,,,,,,,,"Sonication, Solvent",-3,2014
56,,,,,,Choi,,,,,50,,2,,,,392.4729,,10.1002/adfm.201403708 ,SPUN,,,,,Au,,,66.2581214143857,0.0419833633151719,,,,,,,5,,39.130434782608695,N2,,90,,,BGBC,Linear,2.3,Air,0.96,0.018,0.027143,,,,,,CHCl3,,1,5,,,1500,60,,,,,,,,"Sonication, Solvent",-3,2014
57,,,,,,Choi,,,,,50,,2,,,,,,10.1002/adfm.201403708 ,SPUN,,,,,Au,,,,,,,,,,,5,,39.130434782608695,N2,,90,,,BGBC,Linear,2.3,Air,0.96,0.02,,,,,,,CHCl3,,1,6,,,1500,60,,,,,,,,"Sonication, Solvent",-3,2014
58,25,0,,,,Chu,,,3,,50,,2,,,,428.9327,1.5,10.1021/acs.chemmater.6b04202,BLADE,,,,,Au,,,,77,,,,,,,5,,40.90909090909091,N2,,90,,,BGBC,Saturation,2.2,Air,0.96,0.134,0.50493,,9,,,,CHCl3,,0,0,,,,,,,,8,,,,Aging,-80,2016
59,25,3,,,,Chu,,,3,,50,,2,,,,483.9729,2.3,10.1021/acs.chemmater.6b04202,BLADE,,,,,Au,,,,68,,,,,,,5,,40.90909090909091,N2,,90,,,BGBC,Saturation,2.2,Air,0.96,0.155,0.61067,,14,,,,CHCl3,,0,0,,,,,,,,8,,,,Aging,-80,2016
60,25,8,,,,Chu,,,3,,50,,2,,,,260.0292,2.75,10.1021/acs.chemmater.6b04202,BLADE,,,,,Au,,,,52,,,,,,,5,,40.90909090909091,N2,,90,,,BGBC,Saturation,2.2,Air,0.96,0.171,0.81167,,15,,,,CHCl3,,0,0,,,,,,,,8,,,,Aging,-80,2016
61,25,15,,,,Chu,,,3,,50,,2,,,,331.297,3.25,10.1021/acs.chemmater.6b04202,BLADE,,,,,Au,,,,46,,,,,,,5,,40.90909090909091,N2,,90,,,BGBC,Saturation,2.2,Air,0.96,0.182,0.88504,,19,,,,CHCl3,,0,0,,,,,,,,8,,,,Aging,-80,2016
62,25,24,,,,Chu,,,3,,50,,2,,,,509.6733,3.75,10.1021/acs.chemmater.6b04202,BLADE,,,,,Au,,,,36,,,,,,,5,,40.90909090909091,N2,,90,,,BGBC,Saturation,2.2,Air,0.96,0.198,0.91757,,21,,,,CHCl3,,0,0,,,,,,,,8,,,,Aging,-80,2016
63,25,0,,,,Chu,,,,,50,,2,,,,,1,10.1021/acs.chemmater.6b04202,SPUN,,,,,Au,,,,92,,,,,,,5,,40.90909090909091,N2,,90,,,BGBC,Saturation,2.2,Air,0.96,0.11,,,9,,,,CHCl3,,0,0,,,1500,60,,,,8,,,,Aging,-80,2016
64,25,3,,,,Chu,,,,,50,,2,,,,,1,10.1021/acs.chemmater.6b04202,SPUN,,,,,Au,,,,82,,,,,,,5,,40.90909090909091,N2,,90,,,BGBC,Saturation,2.2,Air,0.96,0.121,,,14,,,,CHCl3,,0,0,,,1500,60,,,,8,,,,Aging,-80,2016
65,25,8,,,,Chu,,,,,50,,2,,,,,1,10.1021/acs.chemmater.6b04202,SPUN,,,,,Au,,,,64,,,,,,,5,,40.90909090909091,N2,,90,,,BGBC,Saturation,2.2,Air,0.96,0.13,,,15,,,,CHCl3,,0,0,,,1500,60,,,,8,,,,Aging,-80,2016
66,25,15,,,,Chu,,,,,50,,2,,,,,1,10.1021/acs.chemmater.6b04202,SPUN,,,,,Au,,,,62,,,,,,,5,,40.90909090909091,N2,,90,,,BGBC,Saturation,2.2,Air,0.96,0.14,,,19,,,,CHCl3,,0,0,,,1500,60,,,,8,,,,Aging,-80,2016
67,25,24,,,,Chu,,,,,50,,2,,,,,1,10.1021/acs.chemmater.6b04202,SPUN,,,,,Au,,,,47,,,,,,,5,,40.90909090909091,N2,,90,,,BGBC,Saturation,2.2,Air,0.96,0.15,,,21,,,,CHCl3,,0,0,,,1500,60,,,,8,,,,Aging,-80,2016
68,25,0,,,,Kleinhenz,,,,,50,,2,Single,,,,,10.1021/acs/chemmater.6b01163,SPUN,,,,,Au,,0,59.7965841760866,0.123487249132954,,,,81.21659039283819,,0.2969193090594804,5,,32,N2,,71,,,BGBC,Saturation,2.2,Air,0.96,0.013,,,1.26671582221625,,0.325471897355409,,CHCl3,,0,0,3.647195657899219,16.225270068707328,800,30,,,,,,,,"Sonication, Aging",-80,2016
69,25,12,,,,Kleinhenz,,,,,50,,2,Single,,,628.1783,,10.1021/acs/chemmater.6b01163,SPUN,,,,,Au,,1783,59.4515872796784,0.0772023548677078,,,,97.15377054753037,,0.6177664200919297,5,,32,N2,,71,,,BGBC,Saturation,2.2,Air,0.96,0.089,0.81311,,12.5963831145634,,0.00622251452878358,,CHCl3,,0,0,3.6423281290178307,16.136575334118426,800,30,,,,,,,,"Sonication, Aging",-80,2016
70,25,24,,,,Kleinhenz,,,,,50,,2,Single,,,1454.6761,,10.1021/acs/chemmater.6b01163,SPUN,,,,,Au,,2804.1015625,61.388340479609,0.0621032250663458,,,,108.45631316073317,,0.46123300549520496,5,,32,N2,,71,,,BGBC,Saturation,2.2,Air,0.96,0.108,0.53157,,20.0015656338738,,0.00174309840724935,,CHCl3,,0,0,3.6628330379640115,16.573087752956265,800,30,,,,,,,,"Sonication, Aging",-80,2016
71,25,48,,,,Kleinhenz,,,,,50,,2,Single,,,1125.6085,,10.1021/acs/chemmater.6b01163,SPUN,,,,,Au,,2285.15625,61.3744396565939,0.0625256354642591,,,,107.52478654462874,,0.6905985006903137,5,,32,N2,,71,,,BGBC,Saturation,2.2,Air,0.96,0.091,0.30917,,20.6937894969918,,-0.000286654300457077,,CHCl3,,0,0,3.641518148533344,16.136575334118426,800,30,,,,,,,,"Sonication, Aging",-80,2016
72,25,96,,,,Kleinhenz,,,,,50,,2,Single,,,845.7434,,10.1021/acs/chemmater.6b01163,SPUN,,,,,Au,,3114.2578125,62.8236646749994,0.0548355729787608,,,,112.06227753692121,,0.7387221240378461,5,,32,N2,,71,,,BGBC,Saturation,2.2,Air,0.96,0.102,0.55609,,21.6884630544701,,-0.00723844569421446,,CHCl3,,0,0,3.628473726231061,16.07798251477142,800,30,,,,,,,,"Sonication, Aging",-80,2016
73,25,0,,,,Kleinhenz,,,,,50,,2,Single,,,620.8539,,10.1021/acs/chemmater.6b01163,SPUN,,,,,Au,,629.8828125,61.6619059414372,0.0619844459464346,,,,110.64734979024294,,0.43221909047147755,5,,32,N2,,71,,,BGBC,Saturation,2.2,Air,0.96,0.112,0.1219,,7.82544868738546,,-0.00500140679111535,,CHCl3,,1,2,3.646112850639685,16.427751807119584,800,30,,,,,,,,"Sonication, Aging",-80,2016
74,25,96,,,,Kleinhenz,,,,,50,,2,Single,,,963.4603,,10.1021/acs/chemmater.6b01163,SPUN,,,,,Au,,2331.201171875,64.3367164340759,0.0404745164325215,,,,104.20059575965801,,0.779397148369384,5,,32,N2,,71,,,BGBC,Saturation,2.2,Air,0.96,0.147,0.44237,,32.3778557020147,,-0.0224395117788387,,CHCl3,,1,2,3.647601877953174,16.019813856804074,800,30,,,,,,,,"Sonication, Aging",-80,2016
75,25,192,,,,Kleinhenz,,,,,50,,2,Single,,,1431.3443,,10.1021/acs/chemmater.6b01163,SPUN,,,,,Au,,3540.72265625,63.9378228872378,0.030680183038712,,,,91.28406357695043,,0.6653358079884555,5,,32,N2,,71,,,BGBC,Saturation,2.2,Air,0.96,0.085,0.076426,,26.4435766111917,,-0.0188691186496825,,CHCl3,,1,2,3.6493632204958346,16.059428516208598,800,30,,,,,,,,"Sonication, Aging",-80,2016
76,25,96,,,,Kleinhenz,,,,,50,,2,Single,,,1477.121,,10.1021/acs/chemmater.6b01163,SPUN,,,,,Au,,366.2109375,66.3587380972924,0.0381738430653659,,,,99.24428203156559,,0.607875134381338,5,,32,N2,,71,,,BGBC,Saturation,2.2,Air,0.96,0.021,0.1862,,24.5432931009736,,-0.00772094308876096,,CHCl3,,1,2,3.6516691061372746,16.1205531440979,800,30,,,,,,,,"Sonication, Aging",-80,2016
77,,,,,,Wang,,,,,50,,2,,,,,,10.1021/acsnano.5b02582,SPUN,,,,,,,,,0.1384,,,,,,-0.05,5,,19.8,N2,,43.9,,,BGBC,Saturation,2.217171717171717,Air,0.96,0.013,,,,,,,CHCl3,,0,0,3.93,,1500,60,,,,,,,,Microfluidic flow rate,-80,2015
78,,,,,,Wang,,,,,50,,2,,,30,,,10.1021/acsnano.5b02582,SPUN,,,,,,,,,,,,,,,,5,,19.8,N2,,43.9,,,BGBC,Saturation,2.217171717171717,Air,0.96,0.025,,,,,,,CHCl3,,0,0,,,1500,60,,,,,,,,Microfluidic flow rate,-80,2015
79,,,,,,Wang,,,,,50,,2,,,,,,10.1021/acsnano.5b02582,SPUN,,,,,,,,,,,,,,,,5,,19.8,N2,,43.9,,,BGBC,Saturation,2.217171717171717,Air,0.96,0.05,,,,,,,CHCl3,,0,0,,,1500,60,,,,6,,,,Microfluidic flow rate,-80,2015
80,,,,,,Wang,,,,,50,,2,,,30,236,,10.1021/acsnano.5b02582,SPUN,,,,,,,,,0.10316,,,,,,-0.015,5,,19.8,N2,,43.9,,,BGBC,Saturation,2.217171717171717,Air,0.96,0.065,0.34,,,,,,CHCl3,,0,0,3.84,,1500,60,,,,6,,,,Microfluidic flow rate,-80,2015
81,,,,,,Wang,,,,,50,,2,,1,,,,10.1021/acsnano.5b02582,SPUN,,,,,,,,,,,,,,,,5,0.25,19.8,N2,,43.9,,,BGBC,Saturation,2.217171717171717,Air,0.96,0.02,,,,,,,CHCl3,,0,0,,,1500,60,,,,,,,,Microfluidic flow rate,-80,2015
82,,,,,,Wang,,,,,50,,2,,,,,,10.1021/acsnano.5b02582,SPUN,,,,,,,,,,,,,,,,5,0.25,19.8,N2,,43.9,,,BGBC,Saturation,2.217171717171717,Air,0.96,0.11,,,,,,,CHCl3,,0,0,,,1500,60,,,15,,,,,Microfluidic flow rate,-80,2015
83,,,,,,Wang,,,,,50,,2,,1,,504,,10.1021/acsnano.5b02582,SPUN,,,,,,,,,0.0689,,,,,,0.022,5,0.1,19.8,N2,,43.9,,,BGBC,Saturation,2.217171717171717,Air,0.96,0.09,0.26,,,,,,CHCl3,,0,0,3.79,,1500,60,,,15,,,,,Microfluidic flow rate,-80,2015
84,,,,,,Wang,,,,,50,,2,,1,,904,,10.1021/acsnano.5b02582,SPUN,,,,,,,,,0.0256,,,,,,0.2,5,0.25,19.8,N2,,43.9,,,BGBC,Saturation,2.217171717171717,Air,0.96,0.16,0.81,,,,,,CHCl3,,0,0,3.71,,1500,60,,,15,,,,,Microfluidic flow rate,-80,2015
85,,,,,,Wang,,,,,50,,2,,1,,246,,10.1021/acsnano.5b02582,SPUN,,,,,,,,,0.0689,,,,,,0.08,5,0.6,19.8,N2,,43.9,,,BGBC,Saturation,2.217171717171717,Air,0.96,0.12,0.44,,,,,,CHCl3,,0,0,3.76,,1500,60,,,15,,,,,Microfluidic flow rate,-80,2015
86,25,48,25.0,150.0,0.0,Rafshoon,,,,,50,,2,Single,,,,,,SPUN,,Ann0mV1,,,Au,,,,,,,,,,,5,,18.5,N2,0.0034081243851330667,37,,,BGBC,Saturation,2,Air,0.96,0.09596789393803797,,Ann0m,,,,,CHCl3,,0,0,,,1500.0,60.0,,,,8,,1.8617900169791033,2.506956618317093,,-80,2016
87,25,48,25.0,150.0,1.0,Rafshoon,,,,,50,,2,Single,,,,,,SPUN,,Ann1mV1,,,Au,,,,,,,,,,,5,,18.5,N2,0.006518624547110089,37,,,BGBC,Saturation,2,Air,0.96,0.07002188364920274,,Ann1m,,,,,CHCl3,,0,0,,,1500.0,60.0,,,,8,,0.7728715036585733,2.1142319069889384,,-80,2016
88,25,48,25.0,150.0,2.0,Rafshoon,,,,,50,,2,Single,,,,,,SPUN,,Ann2mV1,,,Au,,,,,,,,,,,5,,18.5,N2,0.00964884013650537,37,,,BGBC,Saturation,2,Air,0.96,0.05153632370186959,,Ann2m,,,,,CHCl3,,0,0,,,1500.0,60.0,,,,8,,-1.2735879901171765,1.4443982272330416,,-80,2016
89,25,48,25.0,150.0,3.0,Rafshoon,,,,,50,,2,Single,,,,,,SPUN,,Ann3mV1,,,Au,,,,,,,,,,,5,,18.5,N2,0.009661862733348386,37,,,BGBC,Saturation,2,Air,0.96,0.049666698471744465,,Ann3m,,,,,CHCl3,,0,0,,,1500.0,60.0,,,,8,,-1.703924208722132,1.4249797204297456,,-80,2016
90,25,48,25.0,150.0,4.0,Rafshoon,,,,,50,,2,Single,,,,,,SPUN,,Ann4mV1,,,Au,,,,,,,,,,,5,,18.5,N2,0.010441789596485474,37,,,BGBC,Saturation,2,Air,0.96,0.049429678147308864,,Ann4m,,,,,CHCl3,,0,0,,,1500.0,60.0,,,,8,,-0.6732559050553603,2.3685920890596788,,-80,2016
91,25,48,25.0,150.0,5.0,Rafshoon,,,,,50,,2,Single,,,,,,SPUN,,Ann5mV1,,,Au,,,,,,,,,,,5,,18.5,N2,0.01068539160217856,37,,,BGBC,Saturation,2,Air,0.96,0.05003554291994383,,Ann5m,,,,,CHCl3,,0,0,,,1500.0,60.0,,,,8,,-0.8083083460765467,1.846160371691922,,-80,2016
92,25,0,0.0,150.0,0.0,Rafshoon,,,,,50,,2,Single,,,,,,SPUN,,NSUV0hV3,,,Au,,,,,,,,,,,5,,18.5,N2,0.003457451404582403,37,,,BGBC,Saturation,2,Air,0.96,0.0367135459881241,,NSUV0h,,,,,CHCl3,,0,0,,,1500.0,60.0,,,,8,,17.9381037795168,3.1489453724375185,,-80,2016
93,25,24,0.0,150.0,0.0,Rafshoon,,,,,50,,2,Single,,,,,,SPUN,,NSUV24hV3,,,Au,,,,,,,,,,,5,,18.5,N2,0.010742618601591002,37,,,BGBC,Saturation,2,Air,0.96,0.0975717473106667,,NSUV24h,,,,,CHCl3,,0,0,,,1500.0,60.0,,,,8,,23.259331735570697,3.6965430345240606,,-80,2016
94,25,36,0.0,150.0,0.0,Rafshoon,,,,,50,,2,Single,,,,,,SPUN,,NSUV36hV1,,,Au,,,,,,,,,,,5,,18.5,N2,0.006812052655938794,37,,,BGBC,Saturation,2,Air,0.96,0.0851013320191096,,NSUV36h,,,,,CHCl3,,0,0,,,1500.0,60.0,,,,8,,31.60452742941345,5.217400447663885,,-80,2016
95,25,48,0.0,150.0,0.0,Rafshoon,,,,,50,,2,Single,,,,,,SPUN,,NSUV48h1V1,,,Au,,,,,,,,,,,5,,18.5,N2,0.0020840717653566824,37,,,BGBC,Saturation,2,Air,0.96,0.09400598724165458,,NSUV48h1,,,,,CHCl3,,0,0,,,1500.0,60.0,,,,8,,25.00464075990293,5.430112912403852,,-80,2016
96,25,48,0.0,150.0,0.0,Rafshoon,,,,,50,,2,Single,,,,,,SPUN,,NSUV48h2V1,,,Au,,,,,,,,,,,5,,18.5,N2,0.007932962595381838,37,,,BGBC,Saturation,2,Air,0.96,0.09498103421985242,,NSUV48h2,,,,,CHCl3,,0,0,,,1500.0,60.0,,,,8,,23.632656597133302,2.5808892553780183,,-80,2016
97,25,48,0.0,150.0,0.0,Rafshoon,,,,,50,,2,Single,,,,,,SPUN,,NSUV48h3H1,,,Au,,,,,,,,,,,5,,18.5,N2,0.00717769895473782,37,,,BGBC,Saturation,2,Air,0.96,0.08341564429753649,,NSUV48h3,,,,,CHCl3,,0,0,,,1500.0,60.0,,,,8,,27.4636162329415,3.901898092217127,,-80,2016
98,25,60,0.0,150.0,0.0,Rafshoon,,,,,50,,2,Single,,,,,,SPUN,,NSUV60hH1,,,Au,,,,,,,,,,,5,,18.5,N2,0.0104646057649421,37,,,BGBC,Saturation,2,Air,0.96,0.11917160554201534,,NSUV60h,,,,,CHCl3,,0,0,,,1500.0,60.0,,,,8,,27.975990532451167,4.925399916471407,,-80,2016
99,25,72,0.0,150.0,0.0,Rafshoon,,,,,50,,2,Single,,,,,,SPUN,,NSUV72hV1,,,Au,,,,,,,,,,,5,,18.5,N2,0.00899002700511149,37,,,BGBC,Saturation,2,Air,0.96,0.06445911404363587,,NSUV72h,,,,,CHCl3,,0,0,,,1500.0,60.0,,,,8,,9.486903403309556,2.8466258533048117,,-80,2016
100,25,96,0.0,150.0,0.0,Rafshoon,,,,,50,,2,Single,,,,,,SPUN,,NSUV96hV1,,,Au,,,,,,,,,,,5,,18.5,N2,0.00738642249891761,37,,,BGBC,Saturation,2,Air,0.96,0.041094241055062534,,NSUV96h,,,,,CHCl3,,0,0,,,1500.0,60.0,,,,8,,28.091084411980034,1.1328978524304396,,-80,2016
101,25,0,0.0,150.0,0.0,Rafshoon,,,,,50,,2,Single,,,,,,SPUN,,SDay0V1,,,Au,,,60.7715,0.0991,,,,,,,5,,18.5,N2,0.00133734441991981,37,,,BGBC,Saturation,2,Air,0.96,0.029099522964350064,,SDay0,5.2722,,0.006,,CHCl3,,1,3,,,1500.0,60.0,,,,0,,11.4378224934429,1.176802107598401,,-80,2016
102,25,24,0.0,150.0,0.0,Rafshoon,,,,,50,,2,Single,,,,,,SPUN,,SDay1H1,,,Au,,,61.2137,0.0901,,,,,,,5,,18.5,N2,0.0010098549680271289,37,,,BGBC,Saturation,2,Air,0.96,0.02421601421888253,,SDay1,11.044,,-0.0254,,CHCl3,,1,3,,,1500.0,60.0,,,,0,,21.949071706737737,0.9135351876452613,,-80,2016
103,25,48,0.0,150.0,0.0,Rafshoon,,,,,50,,2,Single,,,,,,SPUN,,SDay2H1,,,Au,,,60.9654,0.0912,,,,,,,5,,18.5,N2,0.0028162072442338227,37,,,BGBC,Saturation,2,Air,0.96,0.09987812836215854,,SDay2,12.1306,,-0.0314,,CHCl3,,1,3,,,1500.0,60.0,,,,0,,26.973090504774564,0.40899140137980605,,-80,2016
104,25,72,0.0,150.0,0.0,Rafshoon,,,,,50,,2,Single,,,,,,SPUN,,SDay3H1,,,Au,,,59.2626,0.1053,,,,,,,5,,18.5,N2,0.00034505996189088323,37,,,BGBC,Saturation,2,Air,0.96,0.0453039311335765,,SDay3,11.3643,,-0.0456,,CHCl3,,1,3,,,1500.0,60.0,,,,0,,1.7652096415692224,1.67422883864159,,-80,2016
105,25,96,0.0,150.0,0.0,Rafshoon,,,,,50,,2,Single,,,,,,SPUN,,SDay4H1,,,Au,,,58.5824,0.11,,,,,,,5,,18.5,N2,0.0029569179065366325,37,,,BGBC,Saturation,2,Air,0.96,0.049001996190976005,,SDay4,19.7694,,-0.0316,,CHCl3,,1,3,,,1500.0,60.0,,,,0,,7.315720889981783,1.1521327149889167,,-80,2016
106,25,144,0.0,150.0,0.0,Rafshoon,,,,,50,,2,Single,,,,,,SPUN,,SDay6H1,,,Au,,,59.0975,0.106,,,,,,,5,,18.5,N2,0.0002811886084737875,37,,,BGBC,Saturation,2,Air,0.96,0.0460135065126811,,SDay6,13.7876,,-0.0263,,CHCl3,,1,3,,,1500.0,60.0,,,,0,,12.649585695213531,5.20245446284587,,-80,2016
107,25,0,0.0,150.0,0.0,Rafshoon,,,,,50,,2,Single,,,,,,SPUN,,SUDay0V1,,,Au,,,61.5915,0.0915,,,,,,,5,,18.5,N2,0.003565133835509224,37,,,BGBC,Saturation,2,Air,0.96,0.043262124012090064,,SUDay0,11.4977,,-0.0139,,CHCl3,,1,3,,,1500.0,60.0,,,,8,,17.118097417626565,0.7610127217860861,,-80,2016
108,25,24,0.0,150.0,0.0,Rafshoon,,,,,50,,2,Single,,,,,,SPUN,,SUDay1H2,,,Au,,,61.486,0.0864,,,,,,,5,,18.5,N2,0.012896625182060419,37,,,BGBC,Saturation,2,Air,0.96,0.023864689635350832,,SUDay1,17.1227,,-0.0122,,CHCl3,,1,3,,,1500.0,60.0,,,,8,,20.78122501240257,3.4845952583067876,,-80,2016
109,25,48,0.0,150.0,0.0,Rafshoon,,,,,50,,2,Single,,,,,,SPUN,,SUDay2V1,,,Au,,,61.197,0.087,,,,,,,5,,18.5,N2,0.008156927062320641,37,,,BGBC,Saturation,2,Air,0.96,0.138505331867394,,SUDay2,15.0029,,-0.0022,,CHCl3,,1,3,,,1500.0,60.0,,,,8,,35.25372459775706,2.5941051797470673,,-80,2016
110,25,72,0.0,150.0,0.0,Rafshoon,,,,,50,,2,Single,,,,,,SPUN,,SUDay3H1,,,Au,,,59.5892,0.0973,,,,,,,5,,18.5,N2,0.0008973880154450668,37,,,BGBC,Saturation,2,Air,0.96,0.0659504581473437,,SUDay3,17.2749,,-0.0159,,CHCl3,,1,3,,,1500.0,60.0,,,,8,,7.896980209221588,0.5650374449901043,,-80,2016
111,25,96,0.0,150.0,0.0,Rafshoon,,,,,50,,2,Single,,,,,,SPUN,,SUDay4H2,,,Au,,,60.2169,0.0948,,,,,,,5,,18.5,N2,0.0023418890590748164,37,,,BGBC,Saturation,2,Air,0.96,0.06566806936741017,,SUDay4,20.0981,,-0.0044,,CHCl3,,1,3,,,1500.0,60.0,,,,8,,11.553779790998966,1.427562886083643,,-80,2016
112,25,144,0.0,150.0,0.0,Rafshoon,,,,,50,,2,Single,,,,,,SPUN,,SUDay6H1,,,Au,,,60.1598,0.0961,,,,,,,5,,18.5,N2,0.0024176981405475825,37,,,BGBC,Saturation,2,Air,0.96,0.06484965437365053,,SUDay6,18.1952,,0.00020556,,CHCl3,,1,3,,,1500.0,60.0,,,,8,,12.5951724275973,1.3386089766309022,,-80,2016
113,25,0,0.0,150.0,0.0,Rafshoon,,,,,50,,2,Single,,,,,,SPUN,,SUV0hV1,,,Au,,,,,,,,,,,5,,18.5,N2,0.002145769988164152,37,,,BGBC,Saturation,2,Air,0.96,0.05365984366896925,,SUV0h,,Spray,,,CHCl3,,0,0,,,1500.0,60.0,,,,8,,10.540354961227354,3.6507537608872207,,-80,2016
114,25,24,0.0,150.0,0.0,Rafshoon,,,,,50,,2,Single,,,,,,SPUN,,SUV24hV2,,,Au,,,,,,,,,,,5,,18.5,N2,0.018544082676139752,37,,,BGBC,Saturation,2,Air,0.96,0.0905711174836289,,SUV24h,,Spray,,,CHCl3,,0,0,,,1500.0,60.0,,,,8,,19.253485592740333,7.396756409117335,,-80,2016
115,25,36,0.0,150.0,0.0,Rafshoon,,,,,50,,2,Single,,,,,,SPUN,,SUV36hV2,,,Au,,,,,,,,,,,5,,18.5,N2,0.0055461536569852525,37,,,BGBC,Saturation,2,Air,0.96,0.09031218750024957,,SUV36h,,Spray,,,CHCl3,,0,0,,,1500.0,60.0,,,,8,,23.005981582480768,1.4201329356346857,,-80,2016
116,25,48,0.0,150.0,0.0,Rafshoon,,,,,50,,2,Single,,,,,,SPUN,,SUV48hV1,,,Au,,,,,,,,,,,5,,18.5,N2,0.009600154399205274,37,,,BGBC,Saturation,2,Air,0.96,0.10991290056059666,,SUV48h,,Spray,,,CHCl3,,0,0,,,1500.0,60.0,,,,8,,24.899724764271834,3.443561506342193,,-80,2016
117,25,60,0.0,150.0,0.0,Rafshoon,,,,,50,,2,Single,,,,,,SPUN,,SUV60hV1,,,Au,,,,,,,,,,,5,,18.5,N2,0.007196304238359557,37,,,BGBC,Saturation,2,Air,0.96,0.10907594905029468,,SUV60h,,Spray,,,CHCl3,,0,0,,,1500.0,60.0,,,,8,,22.32603987235203,7.106038084075333,,-80,2016
118,25,72,0.0,150.0,0.0,Rafshoon,,,,,50,,2,Single,,,,,,SPUN,,SUV72hV1,,,Au,,,,,,,,,,,5,,18.5,N2,0.03379292387182737,37,,,BGBC,Saturation,2,Air,0.96,0.09381150564957204,,SUV72h,,Spray,,,CHCl3,,0,0,,,1500.0,60.0,,,,8,,17.831423768403,3.2505230561280216,,-80,2016
119,25,96,0.0,150.0,0.0,Rafshoon,,,,,50,,2,Single,,,,,,SPUN,,SUV96hH1,,,Au,,,,,,,,,,,5,,18.5,N2,0.0070348216391135825,37,,,BGBC,Saturation,2,Air,0.96,0.07165603962022953,,SUV96h,,Spray,,,CHCl3,,0,0,,,1500.0,60.0,,,,8,,21.207677347269765,7.8805349808882905,,-80,2016
120,25,0,0.0,150.0,0.0,Rafshoon,,,,,50,,2,Single,,,,,,SPUN,0.0,U90k0h-1H1,,,Au,,,,,,,,,,,5,,45.0,N2,0.0037096102451001202,90,,,BGBC,Saturation,2,Air,0.96,0.04363954962492675,,U90k0h-1,,,,,CHCl3,,0,0,,,1500.0,60.0,,,,8,,18.808135171235474,4.68064078724971,,-80,2016
121,25,0,0.0,150.0,0.0,Rafshoon,,,,,50,,2,Single,,,,,,SPUN,0.0,U90k0h-2H1,,,Au,,,,,,,,,,,5,,45.0,N2,0.002875668037590474,90,,,BGBC,Saturation,2,Air,0.96,0.0448148146450837,,U90k0h-2,,,,,CHCl3,,0,0,,,1500.0,60.0,,,,8,,18.11578743681425,2.592330510945721,,-80,2016
122,25,0,0.0,150.0,0.0,Rafshoon,,,,,50,,2,Single,,,,,,SPUN,0.0,U90k0h-3H1,,,Au,,,,,,,,,,,5,,45.0,N2,0.022089715314657053,90,,,BGBC,Saturation,2,Air,0.96,0.07624785336930402,,U90k0h-3,,,,,CHCl3,,0,0,,,1500.0,60.0,,,,8,,36.92179449044802,6.947651807318104,,-80,2016
123,25,24,0.0,150.0,0.0,Rafshoon,,,,,50,,2,Single,,,,,,SPUN,0.0,U90k24h-1H1,,,Au,,,,,,,,,,,5,,45.0,N2,0.006911037538430609,90,,,BGBC,Saturation,2,Air,0.96,0.06369580433247786,,U90k24h-1,,,,,CHCl3,,0,0,,,1500.0,60.0,,,,8,,26.57907911958954,6.071658731103018,,-80,2016
124,25,24,0.0,150.0,0.0,Rafshoon,,,,,50,,2,Single,,,,,,SPUN,0.0,U90k24h-2H2,,,Au,,,,,,,,,,,5,,45.0,N2,0.016086634991076793,90,,,BGBC,Saturation,2,Air,0.96,0.06918510931445057,,U90k24h-2,,,,,CHCl3,,0,0,,,1500.0,60.0,,,,8,,46.168936014500076,7.665370549009508,,-80,2016
125,25,24,0.0,150.0,0.0,Rafshoon,,,,,50,,2,Single,,,,,,SPUN,0.0,U90k24h-3H1,,,Au,,,,,,,,,,,5,,45.0,N2,0.010852171097319794,90,,,BGBC,Saturation,2,Air,0.96,0.10335579597453008,,U90k24h-3,,,,,CHCl3,,0,0,,,1500.0,60.0,,,,8,,27.720534663688575,6.081486866033323,,-80,2016
126,25,48,0.0,150.0,0.0,Rafshoon,,,,,50,,2,Single,,,,,,SPUN,0.0,U90k48h-1H1,,,Au,,,,,,,,,,,5,,45.0,N2,0.010382945234890957,90,,,BGBC,Saturation,2,Air,0.96,0.05908902145892335,,U90k48h-1,,,,,CHCl3,,0,0,,,1500.0,60.0,,,,8,,24.17561622440205,4.447043816336228,,-80,2016
127,25,48,0.0,150.0,0.0,Rafshoon,,,,,50,,2,Single,,,,,,SPUN,0.0,U90k48h-2H1,,,Au,,,,,,,,,,,5,,45.0,N2,0.005140633119871855,90,,,BGBC,Saturation,2,Air,0.96,0.05969778496053504,,U90k48h-2,,,,,CHCl3,,0,0,,,1500.0,60.0,,,,8,,45.89360172719563,8.023570227897487,,-80,2016
128,25,0,0.0,150.0,0.0,Rafshoon,,,,,50,,2,Single,,,,,,SPUN,,UDay0H2,,,Au,,,59.402,0.1138,,,,,,,5,,18.5,N2,0.0048307257766833835,37,,,BGBC,Saturation,2,Air,0.96,0.06440138289329086,,UDay0,5.1959,,0.0405,,CHCl3,,0,0,,,1500.0,60.0,,,,8,,23.2326415744652,1.4514004360024289,,-80,2016
129,25,24,0.0,150.0,0.0,Rafshoon,,,,,50,,2,Single,,,,,,SPUN,,UDay1H1,,,Au,,,59.5602,0.1038,,,,,,,5,,18.5,N2,0.003832758377368174,37,,,BGBC,Saturation,2,Air,0.96,0.06000465621611173,,UDay1,9.0729,,0.0045,,CHCl3,,0,0,,,1500.0,60.0,,,,8,,20.166984809802067,5.102487638569177,,-80,2016
130,25,48,0.0,150.0,0.0,Rafshoon,,,,,50,,2,Single,,,,,,SPUN,,UDay2H1,,,Au,,,59.2222,0.104,,,,,,,5,,18.5,N2,0.015428198713132502,37,,,BGBC,Saturation,2,Air,0.96,0.12855203801783932,,UDay2,9.6039,,-0.0056,,CHCl3,,0,0,,,1500.0,60.0,,,,8,,46.473344522290574,9.20873515108253,,-80,2016
131,25,72,0.0,150.0,0.0,Rafshoon,,,,,50,,2,Single,,,,,,SPUN,,UDay3H1,,,Au,,,56.8617,0.1203,,,,,,,5,,18.5,N2,0.009800449017916395,37,,,BGBC,Saturation,2,Air,0.96,0.10251819882420427,,UDay3,10.6196,,-0.0291,,CHCl3,,0,0,,,1500.0,60.0,,,,8,,10.96974661928686,2.161032261900915,,-80,2016
132,25,96,0.0,150.0,0.0,Rafshoon,,,,,50,,2,Single,,,,,,SPUN,,UDay4H1,,,Au,,,58.0239,0.1166,,,,,,,5,,18.5,N2,0.008730458980047812,37,,,BGBC,Saturation,2,Air,0.96,0.0930178465688211,,UDay4,10.5356,,0.0012,,CHCl3,,0,0,,,1500.0,60.0,,,,8,,15.9980719033333,4.1602260900520065,,-80,2016
133,25,144,0.0,150.0,0.0,Rafshoon,,,,,50,,2,Single,,,,,,SPUN,,UDay6H1,,,Au,,,57.7832,0.117,,,,,,,5,,18.5,N2,0.008719459263688554,37,,,BGBC,Saturation,2,Air,0.96,0.08976811247593773,,UDay6,11.3001,,-0.0023,,CHCl3,,0,0,,,1500.0,60.0,,,,8,,11.792546284042112,3.3974534876834697,,-80,2016
134,25,144,,,,Rafshoon,,5.0,2.0,,50,H,2,Single,,,,,,BLADE,,s2t144-h1,,,Au,,,,,,,,,,,5,,48.0,N2,0.00267508029131522,96,,,BGBC,Saturation,2,Air,0.96,0.0627215160565579,,s2t144-h,,,,,CHCl3,,1,2,,,,,,,,0,,73.58583920829626,13.793396055086662,,-80,2017
135,25,144,,,,Rafshoon,,5.0,2.0,,50,V,2,Single,,,,,,BLADE,,s2t144-v1,,,Au,,,,,,,,,,,5,,48.0,N2,0.0017217216644000923,96,,,BGBC,Saturation,2,Air,0.96,0.06385346760957704,,s2t144-v,,,,,CHCl3,,1,2,,,,,,,,0,,59.832448259366735,4.640442090810177,,-80,2017
136,25,48,,,,Rafshoon,,5.0,2.0,,50,H,2,Single,,,,,,BLADE,,s2t48-h1,,,Au,,,,,,,,,,,5,,48.0,N2,0.00421328476316495,96,,,BGBC,Saturation,2,Air,0.96,0.07075586974848151,,s2t48-h,,,,,CHCl3,,1,2,,,,,,,,0,,51.01418593026526,3.0672977248123696,,-80,2017
137,25,48,,,,Rafshoon,,5.0,2.0,,50,V,2,Single,,,,,,BLADE,,s2t48-v1,,,Au,,,,,,,,,,,5,,48.0,N2,0.00046765232064970887,96,,,BGBC,Saturation,2,Air,0.96,0.07294395545806749,,s2t48-v,,,,,CHCl3,,1,2,,,,,,,,0,,41.79535855478616,3.288219104805698,,-80,2017
138,25,0,0.0,150.0,0.0,Rafshoon,,,,,50,,2,Single,,,,,,SPUN,,s2u8t0b2-1v1,,,Au,,,,,,,,,,,5,,18.5,N2,0.0028771367992664583,37,,,BGBC,Saturation,2,Air,0.96,0.0266577685916163,,s2u8t0b2-1,,,,,CHCl3,,1,3,,,1500.0,60.0,,,,0,,16.693447100090317,5.833838522191287,,-80,2016
139,25,48,0.0,150.0,0.0,Rafshoon,,,,,50,,2,Single,,,,,,SPUN,,s2u8t24b2-1v2,,,Au,,,,,,,,,,,5,,18.5,N2,,37,,,BGBC,Saturation,2,Air,0.96,0.100484235379562,,s2u8t24b2-1,,,,,CHCl3,,1,3,,,1500.0,60.0,,,,0,,27.4099362105565,,,-80,2016
140,25,48,0.0,150.0,0.0,Rafshoon,,,,,50,,2,Single,,,,,,SPUN,,s2u8t48b2-1v1,,,Au,,,,,,,,,,,5,,18.5,N2,0.03136172777308404,37,,,BGBC,Saturation,2,Air,0.96,0.07248643498926392,,s2u8t48b2-1,,,,,CHCl3,,1,3,,,1500.0,60.0,,,,0,,14.035114169086519,14.737587310390278,,-80,2016
141,25,144,,,,Rafshoon,,5.0,2.0,,50,H,2,Single,,,,,,BLADE,,spray_t144-h1,,,Au,,,,,,,,,,,5,,48.0,N2,0.005680916933530794,96,,,BGBC,Saturation,2,Air,0.96,0.11647347516656333,,spray_t144-h,,,,,CHCl3,,0,0,,,,,,,,0,,31.66244938141483,3.1879950141374427,,-80,2017
142,25,144,,,,Rafshoon,,5.0,2.0,,50,V,2,Single,,,,,,BLADE,,spray_t144-v1,,,Au,,,,,,,,,,,5,,48.0,N2,0.0008173754102523083,96,,,BGBC,Saturation,2,Air,0.96,0.109627705735678,,spray_t144-v,,,,,CHCl3,,0,0,,,,,,,,0,,26.081799989260066,4.141524592606974,,-80,2017
143,25,48,,,,Rafshoon,,5.0,2.0,,50,H,2,Single,,,,,,BLADE,,spray_t48-h1,,,Au,,,,,,,,,,,5,,48.0,N2,0.019510159531272497,96,,,BGBC,Saturation,2,Air,0.96,0.080249410692126,,spray_t48-h,,,,,CHCl3,,0,0,,,,,,,,0,,41.5612238215025,7.376870217777271,,-80,2017
144,25,48,,,,Rafshoon,,5.0,2.0,,50,V,2,Single,,,,,,BLADE,,spray_t48-v1,,,Au,,,,,,,,,,,5,,48.0,N2,0.015129178271227303,96,,,BGBC,Saturation,2,Air,0.96,0.04204793096604293,,spray_t48-v,,,,,CHCl3,,0,0,,,,,,,,0,,37.17711313504517,9.493677728619053,,-80,2017
145,25,144,,,,Rafshoon,,5.0,2.0,,50,H,2,Single,,,,,,BLADE,,u8t144-h1,,,Au,,,,,,,,,,,5,,48.0,N2,0.0006160149909156355,96,,,BGBC,Saturation,2,Air,0.96,0.09022920286756107,,u8t144-h,,,,,CHCl3,,0,0,,,,,,,,8,,64.0036465688122,2.005392860194282,,-80,2017
146,25,144,,,,Rafshoon,,5.0,2.0,,50,V,2,Single,,,,,,BLADE,,u8t144-v1,,,Au,,,,,,,,,,,5,,48.0,N2,0.012829888124278807,96,,,BGBC,Saturation,2,Air,0.96,0.11422523952861313,,u8t144-v,,,,,CHCl3,,0,0,,,,,,,,8,,40.04446924089277,5.272472510659791,,-80,2017
147,25,48,,,,Rafshoon,,5.0,2.0,,50,H,2,Single,,,,,,BLADE,,u8t48-h1,,,Au,,,,,,,,,,,5,,48.0,N2,0.0014505249082290201,96,,,BGBC,Saturation,2,Air,0.96,0.07532686250798125,,u8t48-h,,,,,CHCl3,,0,0,,,,,,,,8,,59.90000690107467,2.929862699940092,,-80,2017
148,25,48,,,,Rafshoon,,5.0,2.0,,50,V,2,Single,,,,,,BLADE,,u8t48-v1,,,Au,,,,,,,,,,,5,,48.0,N2,0.00014309151076691306,96,,,BGBC,Saturation,2,Air,0.96,0.10520039426046333,,u8t48-v,,,,,CHCl3,,0,0,,,,,,,,8,,33.338358756983666,1.4461651926892238,,-80,2017
